"xcut","id","experiment","site","year","field.year","timing.1cut","follow.cut","env","age","block","plot","trt.num","trt.code","treatment","date","gdd","precip","water","yield","yield.Mg","dry.matter","protein","ADF","NDF","NDFD48"
1,1,"FIG17","I2",2017,"first","boot","september","I2.2017",6,1,101,2,"b2","BS",2017-06-08,969.72,436.372,52.37,5974.05,5.97405,94.04,7.76,37.52,67.54,73.74
2,1,"FIG17","I2",2017,"first","boot","september","I2.2017",6,1,101,2,"b2","BS",NA,NA,NA,NA,NA,NA,NA,NA,NA,NA,NA
3,1,"FIG17","I2",2017,"first","boot","september","I2.2017",6,1,101,2,"b2","BS",NA,NA,NA,NA,NA,NA,NA,NA,NA,NA,NA
1,2,"FIG17","I2",2017,"first","boot","none","I2.2017",6,1,102,1,"b1","BN",2017-06-08,969.72,436.372,49.71,5854.62,5.85462,94.4,8.46,36.69,66.27,71.71
2,2,"FIG17","I2",2017,"first","boot","none","I2.2017",6,1,102,1,"b1","BN",NA,NA,NA,NA,NA,NA,NA,NA,NA,NA,NA
3,2,"FIG17","I2",2017,"first","boot","none","I2.2017",6,1,102,1,"b1","BN",NA,NA,NA,NA,NA,NA,NA,NA,NA,NA,NA
1,3,"FIG17","I2",2017,"first","boot","october","I2.2017",6,1,103,3,"b3","BO",2017-06-08,969.72,436.372,49.26,5210.38,5.21038,94.68,7.06,39.14,67.95,70.29
2,3,"FIG17","I2",2017,"first","boot","october","I2.2017",6,1,103,3,"b3","BO",NA,NA,NA,NA,NA,NA,NA,NA,NA,NA,NA
3,3,"FIG17","I2",2017,"first","boot","october","I2.2017",6,1,103,3,"b3","BO",NA,NA,NA,NA,NA,NA,NA,NA,NA,NA,NA
1,4,"FIG17","I2",2017,"first","anthesis","september","I2.2017",6,1,104,5,"a2","AS",2017-06-21,1256.39,502.158,66.8,3528.15,3.52815,96.01,4.92,41.34,74.52,71.77
2,4,"FIG17","I2",2017,"first","anthesis","september","I2.2017",6,1,104,5,"a2","AS",NA,NA,NA,NA,NA,NA,NA,NA,NA,NA,NA
3,4,"FIG17","I2",2017,"first","anthesis","september","I2.2017",6,1,104,5,"a2","AS",NA,NA,NA,NA,NA,NA,NA,NA,NA,NA,NA
1,5,"FIG17","I2",2017,"first","anthesis","none","I2.2017",6,1,105,4,"a1","AN",2017-06-21,1256.39,502.158,66.98,3587.41,3.58741,96.64,5.25,38.75,73.82,77.12
2,5,"FIG17","I2",2017,"first","anthesis","none","I2.2017",6,1,105,4,"a1","AN",NA,NA,NA,NA,NA,NA,NA,NA,NA,NA,NA
3,5,"FIG17","I2",2017,"first","anthesis","none","I2.2017",6,1,105,4,"a1","AN",NA,NA,NA,NA,NA,NA,NA,NA,NA,NA,NA
1,6,"FIG17","I2",2017,"first","anthesis","october","I2.2017",6,1,106,6,"a3","AO",2017-06-21,1256.39,502.158,66.07,3702.13,3.70213,96.04,4.84,38.95,73.18,71.56
2,6,"FIG17","I2",2017,"first","anthesis","october","I2.2017",6,1,106,6,"a3","AO",NA,NA,NA,NA,NA,NA,NA,NA,NA,NA,NA
3,6,"FIG17","I2",2017,"first","anthesis","october","I2.2017",6,1,106,6,"a3","AO",NA,NA,NA,NA,NA,NA,NA,NA,NA,NA,NA
1,7,"FIG17","I2",2017,"first","grain","october","I2.2017",6,1,107,12,NA,"GO",2017-08-09,2281.39,692.658,45.71,4157,4.157,96.25,1.87,40.29,73.61,57.82
2,7,"FIG17","I2",2017,"first","grain","october","I2.2017",6,1,107,12,NA,"GO",NA,NA,NA,NA,NA,NA,NA,NA,NA,NA,NA
3,7,"FIG17","I2",2017,"first","grain","october","I2.2017",6,1,107,12,NA,"GO",NA,NA,NA,NA,NA,NA,NA,NA,NA,NA,NA
1,8,"FIG17","I2",2017,"first","grain","september","I2.2017",6,1,108,11,NA,"GS",2017-08-09,2281.39,692.658,44.69,4155.23,4.15523,96.69,1.47,42.3,75.01,55.46
2,8,"FIG17","I2",2017,"first","grain","september","I2.2017",6,1,108,11,NA,"GS",NA,NA,NA,NA,NA,NA,NA,NA,NA,NA,NA
3,8,"FIG17","I2",2017,"first","grain","september","I2.2017",6,1,108,11,NA,"GS",NA,NA,NA,NA,NA,NA,NA,NA,NA,NA,NA
1,9,"FIG17","I2",2017,"first","grain","none","I2.2017",6,1,109,10,NA,"GN",2017-08-09,2281.39,692.658,46.83,4605.84,4.60584,96.95,1.4,41.61,76.15,51.01
2,9,"FIG17","I2",2017,"first","grain","none","I2.2017",6,1,109,10,NA,"GN",NA,NA,NA,NA,NA,NA,NA,NA,NA,NA,NA
3,9,"FIG17","I2",2017,"first","grain","none","I2.2017",6,1,109,10,NA,"GN",NA,NA,NA,NA,NA,NA,NA,NA,NA,NA,NA
1,10,"FIG17","I2",2017,"first","dough","none","I2.2017",6,1,110,7,"d1","DN",2017-07-17,1788.06,543.306,43.25,3878.67,3.87867,97.03,1.46,36.58,72.52,70.73
2,10,"FIG17","I2",2017,"first","dough","none","I2.2017",6,1,110,7,"d1","DN",NA,NA,NA,NA,NA,NA,NA,NA,NA,NA,NA
3,10,"FIG17","I2",2017,"first","dough","none","I2.2017",6,1,110,7,"d1","DN",NA,NA,NA,NA,NA,NA,NA,NA,NA,NA,NA
1,11,"FIG17","I2",2017,"first","dough","october","I2.2017",6,1,111,9,"d3","DO",2017-07-17,1788.06,543.306,41.29,4382.65,4.38265,96.97,2,37.3,72.76,70.31
2,11,"FIG17","I2",2017,"first","dough","october","I2.2017",6,1,111,9,"d3","DO",NA,NA,NA,NA,NA,NA,NA,NA,NA,NA,NA
3,11,"FIG17","I2",2017,"first","dough","october","I2.2017",6,1,111,9,"d3","DO",NA,NA,NA,NA,NA,NA,NA,NA,NA,NA,NA
1,12,"FIG17","I2",2017,"first","dough","september","I2.2017",6,1,112,8,"d2","DS",2017-07-17,1788.06,543.306,42.13,3822.98,3.82298,97.64,2.16,39.19,75.69,73.05
2,12,"FIG17","I2",2017,"first","dough","september","I2.2017",6,1,112,8,"d2","DS",NA,NA,NA,NA,NA,NA,NA,NA,NA,NA,NA
3,12,"FIG17","I2",2017,"first","dough","september","I2.2017",6,1,112,8,"d2","DS",NA,NA,NA,NA,NA,NA,NA,NA,NA,NA,NA
1,13,"FIG17","I2",2017,"first","grain","none","I2.2017",6,2,201,10,NA,"GN",2017-08-09,2281.39,692.658,47.21,4216.24,4.21624,95.79,1.48,37.71,70.42,54.53
2,13,"FIG17","I2",2017,"first","grain","none","I2.2017",6,2,201,10,NA,"GN",NA,NA,NA,NA,NA,NA,NA,NA,NA,NA,NA
3,13,"FIG17","I2",2017,"first","grain","none","I2.2017",6,2,201,10,NA,"GN",NA,NA,NA,NA,NA,NA,NA,NA,NA,NA,NA
1,14,"FIG17","I2",2017,"first","grain","september","I2.2017",6,2,202,11,NA,"GS",2017-08-09,2281.39,692.658,46.31,4109.4,4.1094,96.62,2.19,39.19,74.41,60.15
2,14,"FIG17","I2",2017,"first","grain","september","I2.2017",6,2,202,11,NA,"GS",NA,NA,NA,NA,NA,NA,NA,NA,NA,NA,NA
3,14,"FIG17","I2",2017,"first","grain","september","I2.2017",6,2,202,11,NA,"GS",NA,NA,NA,NA,NA,NA,NA,NA,NA,NA,NA
1,15,"FIG17","I2",2017,"first","grain","october","I2.2017",6,2,203,12,NA,"GO",2017-08-09,2281.39,692.658,45.74,5125.51,5.12551,96.85,2.31,41.33,72.95,55.98
2,15,"FIG17","I2",2017,"first","grain","october","I2.2017",6,2,203,12,NA,"GO",NA,NA,NA,NA,NA,NA,NA,NA,NA,NA,NA
3,15,"FIG17","I2",2017,"first","grain","october","I2.2017",6,2,203,12,NA,"GO",NA,NA,NA,NA,NA,NA,NA,NA,NA,NA,NA
1,16,"FIG17","I2",2017,"first","anthesis","none","I2.2017",6,2,204,4,"a1","AN",2017-06-21,1256.39,502.158,65.87,3376.99,3.37699,96.61,5.63,41.14,73.24,66.93
2,16,"FIG17","I2",2017,"first","anthesis","none","I2.2017",6,2,204,4,"a1","AN",NA,NA,NA,NA,NA,NA,NA,NA,NA,NA,NA
3,16,"FIG17","I2",2017,"first","anthesis","none","I2.2017",6,2,204,4,"a1","AN",NA,NA,NA,NA,NA,NA,NA,NA,NA,NA,NA
1,17,"FIG17","I2",2017,"first","anthesis","september","I2.2017",6,2,205,5,"a2","AS",2017-06-21,1256.39,502.158,65.31,3654.93,3.65493,96.46,4.33,41.02,73.65,68.42
2,17,"FIG17","I2",2017,"first","anthesis","september","I2.2017",6,2,205,5,"a2","AS",NA,NA,NA,NA,NA,NA,NA,NA,NA,NA,NA
3,17,"FIG17","I2",2017,"first","anthesis","september","I2.2017",6,2,205,5,"a2","AS",NA,NA,NA,NA,NA,NA,NA,NA,NA,NA,NA
1,18,"FIG17","I2",2017,"first","anthesis","october","I2.2017",6,2,206,6,"a3","AO",2017-06-21,1256.39,502.158,65.97,4720.15,4.72015,96.59,5.59,41.12,73.59,71
2,18,"FIG17","I2",2017,"first","anthesis","october","I2.2017",6,2,206,6,"a3","AO",NA,NA,NA,NA,NA,NA,NA,NA,NA,NA,NA
3,18,"FIG17","I2",2017,"first","anthesis","october","I2.2017",6,2,206,6,"a3","AO",NA,NA,NA,NA,NA,NA,NA,NA,NA,NA,NA
1,19,"FIG17","I2",2017,"first","boot","october","I2.2017",6,2,207,3,"b3","BO",2017-06-08,969.72,436.372,41.02,5577.3,5.5773,94.3,6.96,37.98,66.44,68.08
2,19,"FIG17","I2",2017,"first","boot","october","I2.2017",6,2,207,3,"b3","BO",NA,NA,NA,NA,NA,NA,NA,NA,NA,NA,NA
3,19,"FIG17","I2",2017,"first","boot","october","I2.2017",6,2,207,3,"b3","BO",NA,NA,NA,NA,NA,NA,NA,NA,NA,NA,NA
1,20,"FIG17","I2",2017,"first","boot","september","I2.2017",6,2,208,2,"b2","BS",2017-06-08,969.72,436.372,50,4943.15,4.94315,94.41,6.67,38.08,68.88,66.77
2,20,"FIG17","I2",2017,"first","boot","september","I2.2017",6,2,208,2,"b2","BS",NA,NA,NA,NA,NA,NA,NA,NA,NA,NA,NA
3,20,"FIG17","I2",2017,"first","boot","september","I2.2017",6,2,208,2,"b2","BS",NA,NA,NA,NA,NA,NA,NA,NA,NA,NA,NA
1,21,"FIG17","I2",2017,"first","boot","none","I2.2017",6,2,209,1,"b1","BN",2017-06-08,969.72,436.372,50.75,7443.98,7.44398,94.73,8,39.62,70.82,67.95
2,21,"FIG17","I2",2017,"first","boot","none","I2.2017",6,2,209,1,"b1","BN",NA,NA,NA,NA,NA,NA,NA,NA,NA,NA,NA
3,21,"FIG17","I2",2017,"first","boot","none","I2.2017",6,2,209,1,"b1","BN",NA,NA,NA,NA,NA,NA,NA,NA,NA,NA,NA
1,22,"FIG17","I2",2017,"first","dough","september","I2.2017",6,2,210,8,"d2","DS",2017-07-17,1788.06,543.306,47.29,4276.83,4.27683,96.3,2.44,37.89,71.94,66.22
2,22,"FIG17","I2",2017,"first","dough","september","I2.2017",6,2,210,8,"d2","DS",NA,NA,NA,NA,NA,NA,NA,NA,NA,NA,NA
3,22,"FIG17","I2",2017,"first","dough","september","I2.2017",6,2,210,8,"d2","DS",NA,NA,NA,NA,NA,NA,NA,NA,NA,NA,NA
1,23,"FIG17","I2",2017,"first","dough","none","I2.2017",6,2,211,7,"d1","DN",2017-07-17,1788.06,543.306,46.09,4120.49,4.12049,96.78,2.22,34.86,70.39,74.41
2,23,"FIG17","I2",2017,"first","dough","none","I2.2017",6,2,211,7,"d1","DN",NA,NA,NA,NA,NA,NA,NA,NA,NA,NA,NA
3,23,"FIG17","I2",2017,"first","dough","none","I2.2017",6,2,211,7,"d1","DN",NA,NA,NA,NA,NA,NA,NA,NA,NA,NA,NA
1,24,"FIG17","I2",2017,"first","dough","october","I2.2017",6,2,212,9,"d3","DO",2017-07-17,1788.06,543.306,45.11,4419.36,4.41936,97.76,1.54,35.14,71.37,75.3
2,24,"FIG17","I2",2017,"first","dough","october","I2.2017",6,2,212,9,"d3","DO",NA,NA,NA,NA,NA,NA,NA,NA,NA,NA,NA
3,24,"FIG17","I2",2017,"first","dough","october","I2.2017",6,2,212,9,"d3","DO",NA,NA,NA,NA,NA,NA,NA,NA,NA,NA,NA
1,25,"FIG17","I2",2017,"first","anthesis","october","I2.2017",6,3,301,6,"a3","AO",2017-06-21,1256.39,502.158,70.07,3138.93,3.13893,96.53,5.87,40.39,75.4,71.43
2,25,"FIG17","I2",2017,"first","anthesis","october","I2.2017",6,3,301,6,"a3","AO",NA,NA,NA,NA,NA,NA,NA,NA,NA,NA,NA
3,25,"FIG17","I2",2017,"first","anthesis","october","I2.2017",6,3,301,6,"a3","AO",NA,NA,NA,NA,NA,NA,NA,NA,NA,NA,NA
1,26,"FIG17","I2",2017,"first","anthesis","september","I2.2017",6,3,302,5,"a2","AS",2017-06-21,1256.39,502.158,65.99,3353.01,3.35301,96.66,4.26,41.78,76.48,69.85
2,26,"FIG17","I2",2017,"first","anthesis","september","I2.2017",6,3,302,5,"a2","AS",NA,NA,NA,NA,NA,NA,NA,NA,NA,NA,NA
3,26,"FIG17","I2",2017,"first","anthesis","september","I2.2017",6,3,302,5,"a2","AS",NA,NA,NA,NA,NA,NA,NA,NA,NA,NA,NA
1,27,"FIG17","I2",2017,"first","anthesis","none","I2.2017",6,3,303,4,"a1","AN",2017-06-21,1256.39,502.158,65.49,3922.75,3.92275,97.08,3.88,40.19,76.76,76.81
2,27,"FIG17","I2",2017,"first","anthesis","none","I2.2017",6,3,303,4,"a1","AN",NA,NA,NA,NA,NA,NA,NA,NA,NA,NA,NA
3,27,"FIG17","I2",2017,"first","anthesis","none","I2.2017",6,3,303,4,"a1","AN",NA,NA,NA,NA,NA,NA,NA,NA,NA,NA,NA
1,28,"FIG17","I2",2017,"first","grain","none","I2.2017",6,3,304,10,NA,"GN",2017-08-09,2281.39,692.658,45.67,4498.18,4.49818,96.25,2.63,40.04,73.1,47.73
2,28,"FIG17","I2",2017,"first","grain","none","I2.2017",6,3,304,10,NA,"GN",NA,NA,NA,NA,NA,NA,NA,NA,NA,NA,NA
3,28,"FIG17","I2",2017,"first","grain","none","I2.2017",6,3,304,10,NA,"GN",NA,NA,NA,NA,NA,NA,NA,NA,NA,NA,NA
1,29,"FIG17","I2",2017,"first","grain","september","I2.2017",6,3,305,11,NA,"GS",2017-08-09,2281.39,692.658,47.17,4555.07,4.55507,97.4,1.52,39.68,75.85,55.26
2,29,"FIG17","I2",2017,"first","grain","september","I2.2017",6,3,305,11,NA,"GS",NA,NA,NA,NA,NA,NA,NA,NA,NA,NA,NA
3,29,"FIG17","I2",2017,"first","grain","september","I2.2017",6,3,305,11,NA,"GS",NA,NA,NA,NA,NA,NA,NA,NA,NA,NA,NA
1,30,"FIG17","I2",2017,"first","grain","october","I2.2017",6,3,306,12,NA,"GO",2017-08-09,2281.39,692.658,45.86,4776.89,4.77689,95.11,1.87,37.99,68.43,51.51
2,30,"FIG17","I2",2017,"first","grain","october","I2.2017",6,3,306,12,NA,"GO",NA,NA,NA,NA,NA,NA,NA,NA,NA,NA,NA
3,30,"FIG17","I2",2017,"first","grain","october","I2.2017",6,3,306,12,NA,"GO",NA,NA,NA,NA,NA,NA,NA,NA,NA,NA,NA
1,31,"FIG17","I2",2017,"first","boot","september","I2.2017",6,3,307,2,"b2","BS",2017-06-08,969.72,436.372,45.85,6687.27,6.68727,95.04,5.92,39.5,70.95,73.84
2,31,"FIG17","I2",2017,"first","boot","september","I2.2017",6,3,307,2,"b2","BS",NA,NA,NA,NA,NA,NA,NA,NA,NA,NA,NA
3,31,"FIG17","I2",2017,"first","boot","september","I2.2017",6,3,307,2,"b2","BS",NA,NA,NA,NA,NA,NA,NA,NA,NA,NA,NA
1,32,"FIG17","I2",2017,"first","boot","october","I2.2017",6,3,308,3,"b3","BO",2017-06-08,969.72,436.372,41.81,4990.12,4.99012,94.02,6.58,36.34,66.08,68.99
2,32,"FIG17","I2",2017,"first","boot","october","I2.2017",6,3,308,3,"b3","BO",NA,NA,NA,NA,NA,NA,NA,NA,NA,NA,NA
3,32,"FIG17","I2",2017,"first","boot","october","I2.2017",6,3,308,3,"b3","BO",NA,NA,NA,NA,NA,NA,NA,NA,NA,NA,NA
1,33,"FIG17","I2",2017,"first","boot","none","I2.2017",6,3,309,1,"b1","BN",2017-06-08,969.72,436.372,51.68,5786.46,5.78646,95.16,6.24,40.08,72.53,71.73
2,33,"FIG17","I2",2017,"first","boot","none","I2.2017",6,3,309,1,"b1","BN",NA,NA,NA,NA,NA,NA,NA,NA,NA,NA,NA
3,33,"FIG17","I2",2017,"first","boot","none","I2.2017",6,3,309,1,"b1","BN",NA,NA,NA,NA,NA,NA,NA,NA,NA,NA,NA
1,34,"FIG17","I2",2017,"first","dough","none","I2.2017",6,3,310,7,"d1","DN",2017-07-17,1788.06,543.306,46.32,5321.83,5.32183,97.07,0.5,36,68.85,72.5
2,34,"FIG17","I2",2017,"first","dough","none","I2.2017",6,3,310,7,"d1","DN",NA,NA,NA,NA,NA,NA,NA,NA,NA,NA,NA
3,34,"FIG17","I2",2017,"first","dough","none","I2.2017",6,3,310,7,"d1","DN",NA,NA,NA,NA,NA,NA,NA,NA,NA,NA,NA
1,35,"FIG17","I2",2017,"first","dough","october","I2.2017",6,3,311,9,"d3","DO",2017-07-17,1788.06,543.306,48.14,4104.61,4.10461,97.95,1.59,35.22,71.7,76.07
2,35,"FIG17","I2",2017,"first","dough","october","I2.2017",6,3,311,9,"d3","DO",NA,NA,NA,NA,NA,NA,NA,NA,NA,NA,NA
3,35,"FIG17","I2",2017,"first","dough","october","I2.2017",6,3,311,9,"d3","DO",NA,NA,NA,NA,NA,NA,NA,NA,NA,NA,NA
1,36,"FIG17","I2",2017,"first","dough","september","I2.2017",6,3,312,8,"d2","DS",2017-07-17,1788.06,543.306,44.52,4482.54,4.48254,97.64,2.06,37.73,77.43,74.82
2,36,"FIG17","I2",2017,"first","dough","september","I2.2017",6,3,312,8,"d2","DS",NA,NA,NA,NA,NA,NA,NA,NA,NA,NA,NA
3,36,"FIG17","I2",2017,"first","dough","september","I2.2017",6,3,312,8,"d2","DS",NA,NA,NA,NA,NA,NA,NA,NA,NA,NA,NA
1,37,"FIG17","I2",2017,"first","dough","october","I2.2017",6,4,401,9,"d3","DO",2017-07-17,1788.06,543.306,44.54,5057.31,5.05731,97.43,1.7,38.69,74.56,76.37
2,37,"FIG17","I2",2017,"first","dough","october","I2.2017",6,4,401,9,"d3","DO",NA,NA,NA,NA,NA,NA,NA,NA,NA,NA,NA
3,37,"FIG17","I2",2017,"first","dough","october","I2.2017",6,4,401,9,"d3","DO",NA,NA,NA,NA,NA,NA,NA,NA,NA,NA,NA
1,38,"FIG17","I2",2017,"first","dough","september","I2.2017",6,4,402,8,"d2","DS",2017-07-17,1788.06,543.306,48.67,4147.02,4.14702,95.59,2.44,40.37,72.58,61.09
2,38,"FIG17","I2",2017,"first","dough","september","I2.2017",6,4,402,8,"d2","DS",NA,NA,NA,NA,NA,NA,NA,NA,NA,NA,NA
3,38,"FIG17","I2",2017,"first","dough","september","I2.2017",6,4,402,8,"d2","DS",NA,NA,NA,NA,NA,NA,NA,NA,NA,NA,NA
1,39,"FIG17","I2",2017,"first","dough","none","I2.2017",6,4,403,7,"d1","DN",2017-07-17,1788.06,543.306,41.78,3998.77,3.99877,95.08,3.18,38.66,70.43,61.92
2,39,"FIG17","I2",2017,"first","dough","none","I2.2017",6,4,403,7,"d1","DN",NA,NA,NA,NA,NA,NA,NA,NA,NA,NA,NA
3,39,"FIG17","I2",2017,"first","dough","none","I2.2017",6,4,403,7,"d1","DN",NA,NA,NA,NA,NA,NA,NA,NA,NA,NA,NA
1,40,"FIG17","I2",2017,"first","anthesis","none","I2.2017",6,4,404,4,"a1","AN",2017-06-21,1256.39,502.158,67.56,3564.56,3.56456,97.09,4.79,39.38,74.8,77.15
2,40,"FIG17","I2",2017,"first","anthesis","none","I2.2017",6,4,404,4,"a1","AN",NA,NA,NA,NA,NA,NA,NA,NA,NA,NA,NA
3,40,"FIG17","I2",2017,"first","anthesis","none","I2.2017",6,4,404,4,"a1","AN",NA,NA,NA,NA,NA,NA,NA,NA,NA,NA,NA
1,41,"FIG17","I2",2017,"first","anthesis","october","I2.2017",6,4,405,6,"a3","AO",2017-06-21,1256.39,502.158,66.47,3758.34,3.75834,96.45,4.5,40.87,75.85,67.36
2,41,"FIG17","I2",2017,"first","anthesis","october","I2.2017",6,4,405,6,"a3","AO",NA,NA,NA,NA,NA,NA,NA,NA,NA,NA,NA
3,41,"FIG17","I2",2017,"first","anthesis","october","I2.2017",6,4,405,6,"a3","AO",NA,NA,NA,NA,NA,NA,NA,NA,NA,NA,NA
1,42,"FIG17","I2",2017,"first","anthesis","september","I2.2017",6,4,406,5,"a2","AS",2017-06-21,1256.39,502.158,66.62,3257.49,3.25749,96.05,4.34,38.95,71.19,72
2,42,"FIG17","I2",2017,"first","anthesis","september","I2.2017",6,4,406,5,"a2","AS",NA,NA,NA,NA,NA,NA,NA,NA,NA,NA,NA
3,42,"FIG17","I2",2017,"first","anthesis","september","I2.2017",6,4,406,5,"a2","AS",NA,NA,NA,NA,NA,NA,NA,NA,NA,NA,NA
1,43,"FIG17","I2",2017,"first","boot","none","I2.2017",6,4,407,1,"b1","BN",2017-06-08,969.72,436.372,46.09,5659.32,5.65932,94.4,6.67,37.67,67.76,67.94
2,43,"FIG17","I2",2017,"first","boot","none","I2.2017",6,4,407,1,"b1","BN",NA,NA,NA,NA,NA,NA,NA,NA,NA,NA,NA
3,43,"FIG17","I2",2017,"first","boot","none","I2.2017",6,4,407,1,"b1","BN",NA,NA,NA,NA,NA,NA,NA,NA,NA,NA,NA
1,44,"FIG17","I2",2017,"first","boot","september","I2.2017",6,4,408,2,"b2","BS",2017-06-08,969.72,436.372,45.41,4847.59,4.84759,94.22,5.28,38.42,69.45,63.73
2,44,"FIG17","I2",2017,"first","boot","september","I2.2017",6,4,408,2,"b2","BS",NA,NA,NA,NA,NA,NA,NA,NA,NA,NA,NA
3,44,"FIG17","I2",2017,"first","boot","september","I2.2017",6,4,408,2,"b2","BS",NA,NA,NA,NA,NA,NA,NA,NA,NA,NA,NA
1,45,"FIG17","I2",2017,"first","boot","october","I2.2017",6,4,409,3,"b3","BO",2017-06-08,969.72,436.372,46.93,3870.21,3.87021,94.27,6.35,36.78,67.17,72.07
2,45,"FIG17","I2",2017,"first","boot","october","I2.2017",6,4,409,3,"b3","BO",NA,NA,NA,NA,NA,NA,NA,NA,NA,NA,NA
3,45,"FIG17","I2",2017,"first","boot","october","I2.2017",6,4,409,3,"b3","BO",NA,NA,NA,NA,NA,NA,NA,NA,NA,NA,NA
1,46,"FIG17","I2",2017,"first","grain","none","I2.2017",6,4,410,10,NA,"GN",2017-08-09,2281.39,692.658,47.37,5502.05,5.50205,96.98,2.38,43.84,79.54,49.09
2,46,"FIG17","I2",2017,"first","grain","none","I2.2017",6,4,410,10,NA,"GN",NA,NA,NA,NA,NA,NA,NA,NA,NA,NA,NA
3,46,"FIG17","I2",2017,"first","grain","none","I2.2017",6,4,410,10,NA,"GN",NA,NA,NA,NA,NA,NA,NA,NA,NA,NA,NA
1,47,"FIG17","I2",2017,"first","grain","october","I2.2017",6,4,411,12,NA,"GO",2017-08-09,2281.39,692.658,48.22,4952.56,4.95256,95.31,1.33,35.44,67.43,51.42
2,47,"FIG17","I2",2017,"first","grain","october","I2.2017",6,4,411,12,NA,"GO",NA,NA,NA,NA,NA,NA,NA,NA,NA,NA,NA
3,47,"FIG17","I2",2017,"first","grain","october","I2.2017",6,4,411,12,NA,"GO",NA,NA,NA,NA,NA,NA,NA,NA,NA,NA,NA
1,48,"FIG17","I2",2017,"first","grain","september","I2.2017",6,4,412,11,NA,"GS",2017-08-09,2281.39,692.658,46.15,4189.08,4.18908,96.47,1.85,39.44,73.23,50.49
2,48,"FIG17","I2",2017,"first","grain","september","I2.2017",6,4,412,11,NA,"GS",NA,NA,NA,NA,NA,NA,NA,NA,NA,NA,NA
3,48,"FIG17","I2",2017,"first","grain","september","I2.2017",6,4,412,11,NA,"GS",NA,NA,NA,NA,NA,NA,NA,NA,NA,NA,NA
1,49,"FIG18","R100",2018,"first","boot","september","R100.2018",2,1,101,2,"b2","BS",2018-06-07,784.17,267.97,77.34,2296.05,2.29605,93.39,9.33,39.2,66.68,58.13
2,49,"FIG18","R100",2018,"first","boot","september","R100.2018",2,1,101,2,"b2","BS",2018-09-27,2338.33,555.75,65.54,1315.18,1.31518,94.62,8.1,40.4,73.95,41.84
3,49,"FIG18","R100",2018,"first","boot","september","R100.2018",2,1,101,2,"b2","BS",NA,NA,NA,NA,NA,NA,NA,NA,NA,NA,NA
1,50,"FIG18","R100",2018,"first","boot","none","R100.2018",2,1,102,1,"b1","BN",2018-06-07,784.17,267.97,78.09,1620.94,1.62094,93.39,9.33,39.2,66.68,58.13
2,50,"FIG18","R100",2018,"first","boot","none","R100.2018",2,1,102,1,"b1","BN",NA,NA,NA,NA,NA,NA,NA,NA,NA,NA,NA
3,50,"FIG18","R100",2018,"first","boot","none","R100.2018",2,1,102,1,"b1","BN",NA,NA,NA,NA,NA,NA,NA,NA,NA,NA,NA
1,51,"FIG18","R100",2018,"first","boot","october","R100.2018",2,1,103,3,"b3","BO",2018-06-07,784.17,267.97,78.3,1036.86,1.03686,93.39,9.33,39.2,66.68,58.13
2,51,"FIG18","R100",2018,"first","boot","october","R100.2018",2,1,103,3,"b3","BO",2018-09-27,2338.33,555.75,58.19,1105.88,1.10588,94.62,8.1,40.4,73.95,41.84
3,51,"FIG18","R100",2018,"first","boot","october","R100.2018",2,1,103,3,"b3","BO",2018-11-01,237.5,95.25,34.39,337.47,0.33747,94.4,5.06,42.82,74.21,42.85
1,52,"FIG18","R100",2018,"first","anthesis","september","R100.2018",2,1,104,5,"a2","AS",2018-06-25,1169.17,433.832,70.76,3742.92,3.74292,95.18,5.13,46.99,78.25,45.09
2,52,"FIG18","R100",2018,"first","anthesis","september","R100.2018",2,1,104,5,"a2","AS",2018-09-27,1953.33,389.89,73.49,1014.09,1.01409,93.78,9.85,37.68,69.11,42.05
3,52,"FIG18","R100",2018,"first","anthesis","september","R100.2018",2,1,104,5,"a2","AS",NA,NA,NA,NA,NA,NA,NA,NA,NA,NA,NA
1,53,"FIG18","R100",2018,"first","anthesis","none","R100.2018",2,1,105,4,"a1","AN",2018-06-25,1169.17,433.832,69.1,3532.01,3.53201,95.18,5.13,46.99,78.25,45.09
2,53,"FIG18","R100",2018,"first","anthesis","none","R100.2018",2,1,105,4,"a1","AN",NA,NA,NA,NA,NA,NA,NA,NA,NA,NA,NA
3,53,"FIG18","R100",2018,"first","anthesis","none","R100.2018",2,1,105,4,"a1","AN",NA,NA,NA,NA,NA,NA,NA,NA,NA,NA,NA
1,54,"FIG18","R100",2018,"first","anthesis","october","R100.2018",2,1,106,6,"a3","AO",2018-06-25,1169.17,433.832,68.58,2506.07,2.50607,95.18,5.13,46.99,78.25,45.09
2,54,"FIG18","R100",2018,"first","anthesis","october","R100.2018",2,1,106,6,"a3","AO",2018-09-27,1953.33,389.89,65.99,982.5,0.9825,93.78,9.85,37.68,69.11,42.05
3,54,"FIG18","R100",2018,"first","anthesis","october","R100.2018",2,1,106,6,"a3","AO",2018-11-01,237.5,95.25,34.56,434.59,0.43459,93.38,6.01,43.68,74.81,37.54
1,55,"FIG18","R100",2018,"first","grain","october","R100.2018",2,1,107,12,NA,"GO",2018-08-07,2117.78,615.442,NA,NA,NA,NA,NA,NA,NA,NA
2,55,"FIG18","R100",2018,"first","grain","october","R100.2018",2,1,107,12,NA,"GO",2018-09-27,1004.72,208.28,85.51,318.34,0.31834,93.66,13.63,31.25,59.66,59.52
3,55,"FIG18","R100",2018,"first","grain","october","R100.2018",2,1,107,12,NA,"GO",2018-11-01,237.5,95.25,54.95,368.14,0.36814,93.79,7.9,37.56,67.49,36.75
1,56,"FIG18","R100",2018,"first","grain","september","R100.2018",2,1,108,11,NA,"GS",2018-08-07,2117.78,615.442,NA,NA,NA,93.83,3.56,43.18,72.08,37.76
2,56,"FIG18","R100",2018,"first","grain","september","R100.2018",2,1,108,11,NA,"GS",2018-09-27,1004.72,208.28,78.79,224.37,0.22437,93.66,13.63,31.25,59.66,59.52
3,56,"FIG18","R100",2018,"first","grain","september","R100.2018",2,1,108,11,NA,"GS",NA,NA,NA,NA,NA,NA,NA,NA,NA,NA,NA
1,57,"FIG18","R100",2018,"first","grain","none","R100.2018",2,1,109,10,NA,"GN",2018-08-07,2117.78,615.442,NA,NA,NA,NA,NA,NA,NA,NA
2,57,"FIG18","R100",2018,"first","grain","none","R100.2018",2,1,109,10,NA,"GN",NA,NA,NA,NA,NA,NA,NA,NA,NA,NA,NA
3,57,"FIG18","R100",2018,"first","grain","none","R100.2018",2,1,109,10,NA,"GN",NA,NA,NA,NA,NA,NA,NA,NA,NA,NA,NA
1,58,"FIG18","R100",2018,"first","dough","none","R100.2018",2,1,110,7,"d1","DN",2018-07-18,1708.89,546.608,59.52,4519.64,4.51964,94.14,4.76,42.95,71.67,32.93
2,58,"FIG18","R100",2018,"first","dough","none","R100.2018",2,1,110,7,"d1","DN",NA,NA,NA,NA,NA,NA,NA,NA,NA,NA,NA
3,58,"FIG18","R100",2018,"first","dough","none","R100.2018",2,1,110,7,"d1","DN",NA,NA,NA,NA,NA,NA,NA,NA,NA,NA,NA
1,59,"FIG18","R100",2018,"first","dough","october","R100.2018",2,1,111,9,"d3","DO",2018-07-18,1708.89,546.608,54.37,5013.24,5.01324,94.14,4.76,42.95,71.67,32.93
2,59,"FIG18","R100",2018,"first","dough","october","R100.2018",2,1,111,9,"d3","DO",2018-09-27,1413.61,277.11,71.31,1085.91,1.08591,94.43,11.87,34.86,66.58,48.98
3,59,"FIG18","R100",2018,"first","dough","october","R100.2018",2,1,111,9,"d3","DO",2018-11-01,237.5,95.25,51.74,439.11,0.43911,94.28,6.22,39.88,71.66,32.69
1,60,"FIG18","R100",2018,"first","dough","september","R100.2018",2,1,112,8,"d2","DS",2018-07-18,1708.89,546.608,54,4018.91,4.01891,94.14,4.76,42.95,71.67,32.93
2,60,"FIG18","R100",2018,"first","dough","september","R100.2018",2,1,112,8,"d2","DS",2018-09-27,1413.61,277.11,72.24,628.06,0.62806,94.43,11.87,34.86,66.58,48.98
3,60,"FIG18","R100",2018,"first","dough","september","R100.2018",2,1,112,8,"d2","DS",NA,NA,NA,NA,NA,NA,NA,NA,NA,NA,NA
1,61,"FIG18","R100",2018,"first","grain","none","R100.2018",2,2,201,10,NA,"GN",2018-08-07,2117.78,615.442,NA,NA,NA,94.35,3.94,48.16,79.23,32.21
2,61,"FIG18","R100",2018,"first","grain","none","R100.2018",2,2,201,10,NA,"GN",NA,NA,NA,NA,NA,NA,NA,NA,NA,NA,NA
3,61,"FIG18","R100",2018,"first","grain","none","R100.2018",2,2,201,10,NA,"GN",NA,NA,NA,NA,NA,NA,NA,NA,NA,NA,NA
1,62,"FIG18","R100",2018,"first","grain","september","R100.2018",2,2,202,11,NA,"GS",2018-08-07,2117.78,615.442,NA,NA,NA,NA,NA,NA,NA,NA
2,62,"FIG18","R100",2018,"first","grain","september","R100.2018",2,2,202,11,NA,"GS",2018-09-27,1004.72,208.28,76.16,263.86,0.26386,93.27,13,32.88,60.55,52.47
3,62,"FIG18","R100",2018,"first","grain","september","R100.2018",2,2,202,11,NA,"GS",NA,NA,NA,NA,NA,NA,NA,NA,NA,NA,NA
1,63,"FIG18","R100",2018,"first","grain","october","R100.2018",2,2,203,12,NA,"GO",2018-08-07,2117.78,615.442,NA,NA,NA,NA,NA,NA,NA,NA
2,63,"FIG18","R100",2018,"first","grain","october","R100.2018",2,2,203,12,NA,"GO",2018-09-27,1004.72,208.28,79.5,238.55,0.23855,93.27,13,32.88,60.55,52.47
3,63,"FIG18","R100",2018,"first","grain","october","R100.2018",2,2,203,12,NA,"GO",2018-11-01,237.5,95.25,49.32,258.2,0.2582,94.02,5.25,42.91,73.02,28.44
1,64,"FIG18","R100",2018,"first","anthesis","none","R100.2018",2,2,204,4,"a1","AN",2018-06-25,1169.17,433.832,71.24,4799.74,4.79974,94.87,6.24,45.51,76.44,50.3
2,64,"FIG18","R100",2018,"first","anthesis","none","R100.2018",2,2,204,4,"a1","AN",NA,NA,NA,NA,NA,NA,NA,NA,NA,NA,NA
3,64,"FIG18","R100",2018,"first","anthesis","none","R100.2018",2,2,204,4,"a1","AN",NA,NA,NA,NA,NA,NA,NA,NA,NA,NA,NA
1,65,"FIG18","R100",2018,"first","anthesis","september","R100.2018",2,2,205,5,"a2","AS",2018-06-25,1169.17,433.832,71.75,3485.74,3.48574,94.87,6.24,45.51,76.44,50.3
2,65,"FIG18","R100",2018,"first","anthesis","september","R100.2018",2,2,205,5,"a2","AS",2018-09-27,1953.33,389.89,65.65,1274.91,1.27491,94.64,9.77,36.58,70.37,47.38
3,65,"FIG18","R100",2018,"first","anthesis","september","R100.2018",2,2,205,5,"a2","AS",NA,NA,NA,NA,NA,NA,NA,NA,NA,NA,NA
1,66,"FIG18","R100",2018,"first","anthesis","october","R100.2018",2,2,206,6,"a3","AO",2018-06-25,1169.17,433.832,71.28,2352.5,2.3525,94.87,6.24,45.51,76.44,50.3
2,66,"FIG18","R100",2018,"first","anthesis","october","R100.2018",2,2,206,6,"a3","AO",2018-09-27,1953.33,389.89,57.38,1234.91,1.23491,94.12,6.46,41.71,74.94,37
3,66,"FIG18","R100",2018,"first","anthesis","october","R100.2018",2,2,206,6,"a3","AO",2018-11-01,237.5,95.25,33.41,676.36,0.67636,94.77,3.35,48.86,81.67,27.82
1,67,"FIG18","R100",2018,"first","boot","october","R100.2018",2,2,207,3,"b3","BO",2018-06-07,784.17,267.97,80.76,2741.61,2.74161,93.88,11.75,38.11,64.94,56.01
2,67,"FIG18","R100",2018,"first","boot","october","R100.2018",2,2,207,3,"b3","BO",2018-09-27,2338.33,555.75,56.07,2152.44,2.15244,94.12,6.46,41.71,74.94,37
3,67,"FIG18","R100",2018,"first","boot","october","R100.2018",2,2,207,3,"b3","BO",2018-11-01,237.5,95.25,47.05,288.71,0.28871,94.28,4.96,43.52,74.84,33.28
1,68,"FIG18","R100",2018,"first","boot","september","R100.2018",2,2,208,2,"b2","BS",2018-06-07,784.17,267.97,80.65,1630.2,1.6302,93.88,11.75,38.11,64.94,56.01
2,68,"FIG18","R100",2018,"first","boot","september","R100.2018",2,2,208,2,"b2","BS",2018-09-27,2338.33,555.75,54.37,1604.3,1.6043,94.12,6.46,41.71,74.94,37
3,68,"FIG18","R100",2018,"first","boot","september","R100.2018",2,2,208,2,"b2","BS",NA,NA,NA,NA,NA,NA,NA,NA,NA,NA,NA
1,69,"FIG18","R100",2018,"first","boot","none","R100.2018",2,2,209,1,"b1","BN",2018-06-07,784.17,267.97,80.9,2927.25,2.92725,93.88,11.75,38.11,64.94,56.01
2,69,"FIG18","R100",2018,"first","boot","none","R100.2018",2,2,209,1,"b1","BN",NA,NA,NA,NA,NA,NA,NA,NA,NA,NA,NA
3,69,"FIG18","R100",2018,"first","boot","none","R100.2018",2,2,209,1,"b1","BN",NA,NA,NA,NA,NA,NA,NA,NA,NA,NA,NA
1,70,"FIG18","R100",2018,"first","dough","september","R100.2018",2,2,210,8,"d2","DS",2018-07-18,1708.89,546.608,57.86,5191.84,5.19184,93.96,5.13,42.31,69.83,39.49
2,70,"FIG18","R100",2018,"first","dough","september","R100.2018",2,2,210,8,"d2","DS",2018-09-27,1413.61,277.11,70.11,817.29,0.81729,93.57,9.65,36.89,67.28,40.6
3,70,"FIG18","R100",2018,"first","dough","september","R100.2018",2,2,210,8,"d2","DS",NA,NA,NA,NA,NA,NA,NA,NA,NA,NA,NA
1,71,"FIG18","R100",2018,"first","dough","none","R100.2018",2,2,211,7,"d1","DN",2018-07-18,1708.89,546.608,56.85,3759.31,3.75931,93.96,5.13,42.31,69.83,39.49
2,71,"FIG18","R100",2018,"first","dough","none","R100.2018",2,2,211,7,"d1","DN",NA,NA,NA,NA,NA,NA,NA,NA,NA,NA,NA
3,71,"FIG18","R100",2018,"first","dough","none","R100.2018",2,2,211,7,"d1","DN",NA,NA,NA,NA,NA,NA,NA,NA,NA,NA,NA
1,72,"FIG18","R100",2018,"first","dough","october","R100.2018",2,2,212,9,"d3","DO",2018-07-18,1708.89,546.608,54.46,3600.52,3.60052,93.96,5.13,42.31,69.83,39.49
2,72,"FIG18","R100",2018,"first","dough","october","R100.2018",2,2,212,9,"d3","DO",2018-09-27,1413.61,277.11,77.03,383.16,0.38316,93.57,9.65,36.89,67.28,40.6
3,72,"FIG18","R100",2018,"first","dough","october","R100.2018",2,2,212,9,"d3","DO",2018-11-01,237.5,95.25,43.19,346.76,0.34676,94.62,6.46,41.57,72.55,38.78
1,73,"FIG18","R100",2018,"first","anthesis","october","R100.2018",2,3,301,6,"a3","AO",2018-06-25,1169.17,433.832,71.68,3798.91,3.79891,94.15,7.03,44.74,74.35,45.47
2,73,"FIG18","R100",2018,"first","anthesis","october","R100.2018",2,3,301,6,"a3","AO",2018-09-27,1953.33,389.89,72.64,1242.29,1.24229,93.99,6.5,41.77,74.7,33.2
3,73,"FIG18","R100",2018,"first","anthesis","october","R100.2018",2,3,301,6,"a3","AO",2018-11-01,237.5,95.25,47.19,340.41,0.34041,94.32,6.5,41.57,72.36,33.13
1,74,"FIG18","R100",2018,"first","anthesis","september","R100.2018",2,3,302,5,"a2","AS",2018-06-25,1169.17,433.832,67.96,3422.52,3.42252,94.15,7.03,44.74,74.35,45.47
2,74,"FIG18","R100",2018,"first","anthesis","september","R100.2018",2,3,302,5,"a2","AS",2018-09-27,1953.33,389.89,66.24,1032.93,1.03293,94.62,6.5,41.77,74.7,33.2
3,74,"FIG18","R100",2018,"first","anthesis","september","R100.2018",2,3,302,5,"a2","AS",NA,NA,NA,NA,NA,NA,NA,NA,NA,NA,NA
1,75,"FIG18","R100",2018,"first","anthesis","none","R100.2018",2,3,303,4,"a1","AN",2018-06-25,1169.17,433.832,68.99,3193.3,3.1933,94.15,7.03,44.74,74.35,45.47
2,75,"FIG18","R100",2018,"first","anthesis","none","R100.2018",2,3,303,4,"a1","AN",NA,NA,NA,NA,NA,NA,NA,NA,NA,NA,NA
3,75,"FIG18","R100",2018,"first","anthesis","none","R100.2018",2,3,303,4,"a1","AN",NA,NA,NA,NA,NA,NA,NA,NA,NA,NA,NA
1,76,"FIG18","R100",2018,"first","grain","none","R100.2018",2,3,304,10,NA,"GN",2018-08-07,2117.78,615.442,NA,NA,NA,NA,NA,NA,NA,NA
2,76,"FIG18","R100",2018,"first","grain","none","R100.2018",2,3,304,10,NA,"GN",NA,NA,NA,NA,NA,NA,NA,NA,NA,NA,NA
3,76,"FIG18","R100",2018,"first","grain","none","R100.2018",2,3,304,10,NA,"GN",NA,NA,NA,NA,NA,NA,NA,NA,NA,NA,NA
1,77,"FIG18","R100",2018,"first","grain","september","R100.2018",2,3,305,11,NA,"GS",2018-08-07,2117.78,615.442,NA,NA,NA,NA,NA,NA,NA,NA
2,77,"FIG18","R100",2018,"first","grain","september","R100.2018",2,3,305,11,NA,"GS",2018-09-27,1004.72,208.28,70,329.61,0.32961,94.13,11.05,35.59,65.44,49.63
3,77,"FIG18","R100",2018,"first","grain","september","R100.2018",2,3,305,11,NA,"GS",NA,NA,NA,NA,NA,NA,NA,NA,NA,NA,NA
1,78,"FIG18","R100",2018,"first","grain","october","R100.2018",2,3,306,12,NA,"GO",2018-08-07,2117.78,615.442,NA,NA,NA,93.82,3.92,45.5,74.96,30.65
2,78,"FIG18","R100",2018,"first","grain","october","R100.2018",2,3,306,12,NA,"GO",2018-09-27,1004.72,208.28,75.42,330.04,0.33004,94.13,11.05,35.59,65.44,49.63
3,78,"FIG18","R100",2018,"first","grain","october","R100.2018",2,3,306,12,NA,"GO",2018-11-01,237.5,95.25,48.07,501.2,0.5012,94.34,7.28,39.78,70.04,35.1
1,79,"FIG18","R100",2018,"first","boot","september","R100.2018",2,3,307,2,"b2","BS",2018-06-07,784.17,267.97,80.62,3328.73,3.32873,94.06,10.74,38.45,65.4,55.86
2,79,"FIG18","R100",2018,"first","boot","september","R100.2018",2,3,307,2,"b2","BS",2018-09-27,2338.33,555.75,68.11,1461.14,1.46114,94.42,8.44,38.92,71.59,39.22
3,79,"FIG18","R100",2018,"first","boot","september","R100.2018",2,3,307,2,"b2","BS",NA,NA,NA,NA,NA,NA,NA,NA,NA,NA,NA
1,80,"FIG18","R100",2018,"first","boot","october","R100.2018",2,3,308,3,"b3","BO",2018-06-07,784.17,267.97,80.38,2179.22,2.17922,94.06,10.74,38.45,65.4,55.86
2,80,"FIG18","R100",2018,"first","boot","october","R100.2018",2,3,308,3,"b3","BO",2018-09-27,2338.33,555.75,60.91,1711.41,1.71141,94.42,8.44,38.92,71.59,39.22
3,80,"FIG18","R100",2018,"first","boot","october","R100.2018",2,3,308,3,"b3","BO",2018-11-01,237.5,95.25,46.51,612.97,0.61297,94.75,5,41.92,73.15,36.35
1,81,"FIG18","R100",2018,"first","boot","none","R100.2018",2,3,309,1,"b1","BN",2018-06-07,784.17,267.97,79.21,2101.94,2.10194,94.06,10.74,38.45,65.4,55.86
2,81,"FIG18","R100",2018,"first","boot","none","R100.2018",2,3,309,1,"b1","BN",NA,NA,NA,NA,NA,NA,NA,NA,NA,NA,NA
3,81,"FIG18","R100",2018,"first","boot","none","R100.2018",2,3,309,1,"b1","BN",NA,NA,NA,NA,NA,NA,NA,NA,NA,NA,NA
1,82,"FIG18","R100",2018,"first","dough","none","R100.2018",2,3,310,7,"d1","DN",2018-07-18,1708.89,546.608,55.09,6158.6,6.1586,93.84,4.45,41.91,70.28,36.44
2,82,"FIG18","R100",2018,"first","dough","none","R100.2018",2,3,310,7,"d1","DN",NA,NA,NA,NA,NA,NA,NA,NA,NA,NA,NA
3,82,"FIG18","R100",2018,"first","dough","none","R100.2018",2,3,310,7,"d1","DN",NA,NA,NA,NA,NA,NA,NA,NA,NA,NA,NA
1,83,"FIG18","R100",2018,"first","dough","october","R100.2018",2,3,311,9,"d3","DO",2018-07-18,1708.89,546.608,55.52,5215,5.215,93.84,4.45,41.91,70.28,36.44
2,83,"FIG18","R100",2018,"first","dough","october","R100.2018",2,3,311,9,"d3","DO",2018-09-27,1413.61,277.11,74.73,742.51,0.74251,93.76,11,36.66,66.99,44.08
3,83,"FIG18","R100",2018,"first","dough","october","R100.2018",2,3,311,9,"d3","DO",2018-11-01,237.5,95.25,41.36,496.34,0.49634,94.35,8.08,42.08,73.74,46.78
1,84,"FIG18","R100",2018,"first","dough","september","R100.2018",2,3,312,8,"d2","DS",2018-07-18,1708.89,546.608,53.14,5244.27,5.24427,93.84,4.45,41.91,70.28,36.44
2,84,"FIG18","R100",2018,"first","dough","september","R100.2018",2,3,312,8,"d2","DS",2018-09-27,1413.61,277.11,73.36,823.81,0.82381,93.76,11,36.66,66.99,44.08
3,84,"FIG18","R100",2018,"first","dough","september","R100.2018",2,3,312,8,"d2","DS",NA,NA,NA,NA,NA,NA,NA,NA,NA,NA,NA
1,85,"FIG18","R100",2018,"first","dough","october","R100.2018",2,4,401,9,"d3","DO",2018-07-18,1708.89,546.608,60,5330.15,5.33015,94.19,10.1,36.97,68.31,46.82
2,85,"FIG18","R100",2018,"first","dough","october","R100.2018",2,4,401,9,"d3","DO",2018-09-27,1413.61,277.11,73.2,1181.94,1.18194,93.4,10.1,36.97,68.31,46.82
3,85,"FIG18","R100",2018,"first","dough","october","R100.2018",2,4,401,9,"d3","DO",2018-11-01,237.5,95.25,52.05,426.91,0.42691,94.93,6.77,40.71,72.77,40.25
1,86,"FIG18","R100",2018,"first","dough","september","R100.2018",2,4,402,8,"d2","DS",2018-07-18,1708.89,546.608,55.16,5486.57,5.48657,94.19,10.1,36.97,68.31,46.82
2,86,"FIG18","R100",2018,"first","dough","september","R100.2018",2,4,402,8,"d2","DS",2018-09-27,1413.61,277.11,68.33,1051.49,1.05149,93.4,10.1,36.97,68.31,46.82
3,86,"FIG18","R100",2018,"first","dough","september","R100.2018",2,4,402,8,"d2","DS",NA,NA,NA,NA,NA,NA,NA,NA,NA,NA,NA
1,87,"FIG18","R100",2018,"first","dough","none","R100.2018",2,4,403,7,"d1","DN",2018-07-18,1708.89,546.608,54.8,5501.53,5.50153,94.19,10.1,36.97,68.31,46.82
2,87,"FIG18","R100",2018,"first","dough","none","R100.2018",2,4,403,7,"d1","DN",NA,NA,NA,NA,NA,NA,NA,NA,NA,NA,NA
3,87,"FIG18","R100",2018,"first","dough","none","R100.2018",2,4,403,7,"d1","DN",NA,NA,NA,NA,NA,NA,NA,NA,NA,NA,NA
1,88,"FIG18","R100",2018,"first","anthesis","none","R100.2018",2,4,404,4,"a1","AN",2018-06-25,1169.17,433.832,70.62,4482.05,4.48205,94.53,7.76,44.42,73.68,49.71
2,88,"FIG18","R100",2018,"first","anthesis","none","R100.2018",2,4,404,4,"a1","AN",NA,NA,NA,NA,NA,NA,NA,NA,NA,NA,NA
3,88,"FIG18","R100",2018,"first","anthesis","none","R100.2018",2,4,404,4,"a1","AN",NA,NA,NA,NA,NA,NA,NA,NA,NA,NA,NA
1,89,"FIG18","R100",2018,"first","anthesis","october","R100.2018",2,4,405,6,"a3","AO",2018-06-25,1169.17,433.832,71.97,3863.05,3.86305,94.53,7.76,44.42,73.68,49.71
2,89,"FIG18","R100",2018,"first","anthesis","october","R100.2018",2,4,405,6,"a3","AO",2018-09-27,1953.33,389.89,60.67,1232.24,1.23224,93.85,9.96,36.62,68.55,41.11
3,89,"FIG18","R100",2018,"first","anthesis","october","R100.2018",2,4,405,6,"a3","AO",2018-11-01,237.5,95.25,39.24,685.4,0.6854,95.39,4.09,44.92,77.81,36.83
1,90,"FIG18","R100",2018,"first","anthesis","september","R100.2018",2,4,406,5,"a2","AS",2018-06-25,1169.17,433.832,67.33,4548.18,4.54818,94.53,7.76,44.42,73.68,49.71
2,90,"FIG18","R100",2018,"first","anthesis","september","R100.2018",2,4,406,5,"a2","AS",2018-09-27,1953.33,389.89,46.92,1377.97,1.37797,93.85,9.96,36.62,68.55,41.11
3,90,"FIG18","R100",2018,"first","anthesis","september","R100.2018",2,4,406,5,"a2","AS",NA,NA,NA,NA,NA,NA,NA,NA,NA,NA,NA
1,91,"FIG18","R100",2018,"first","boot","none","R100.2018",2,4,407,1,"b1","BN",2018-06-07,784.17,267.97,77.29,3268.38,3.26838,94.33,10.71,39.05,67.45,59.51
2,91,"FIG18","R100",2018,"first","boot","none","R100.2018",2,4,407,1,"b1","BN",NA,NA,NA,NA,NA,NA,NA,NA,NA,NA,NA
3,91,"FIG18","R100",2018,"first","boot","none","R100.2018",2,4,407,1,"b1","BN",NA,NA,NA,NA,NA,NA,NA,NA,NA,NA,NA
1,92,"FIG18","R100",2018,"first","boot","september","R100.2018",2,4,408,2,"b2","BS",2018-06-07,784.17,267.97,80.28,2670.29,2.67029,94.33,10.71,39.05,67.45,59.51
2,92,"FIG18","R100",2018,"first","boot","september","R100.2018",2,4,408,2,"b2","BS",2018-09-27,2338.33,555.75,61.13,1357.09,1.35709,93.75,7.2,39.37,72.37,40.9
3,92,"FIG18","R100",2018,"first","boot","september","R100.2018",2,4,408,2,"b2","BS",NA,NA,NA,NA,NA,NA,NA,NA,NA,NA,NA
1,93,"FIG18","R100",2018,"first","boot","october","R100.2018",2,4,409,3,"b3","BO",2018-06-07,784.17,267.97,80.32,2363.44,2.36344,94.33,10.71,39.05,67.45,59.51
2,93,"FIG18","R100",2018,"first","boot","october","R100.2018",2,4,409,3,"b3","BO",2018-09-27,2338.33,555.75,54.54,1705.74,1.70574,93.75,7.2,39.37,72.37,40.9
3,93,"FIG18","R100",2018,"first","boot","october","R100.2018",2,4,409,3,"b3","BO",2018-11-01,237.5,95.25,41.77,586.7,0.5867,94.85,5.25,39.89,72.26,37.75
1,94,"FIG18","R100",2018,"first","grain","none","R100.2018",2,4,410,10,NA,"GN",2018-08-07,2117.78,615.442,NA,NA,NA,NA,NA,NA,NA,NA
2,94,"FIG18","R100",2018,"first","grain","none","R100.2018",2,4,410,10,NA,"GN",NA,NA,NA,NA,NA,NA,NA,NA,NA,NA,NA
3,94,"FIG18","R100",2018,"first","grain","none","R100.2018",2,4,410,10,NA,"GN",NA,NA,NA,NA,NA,NA,NA,NA,NA,NA,NA
1,95,"FIG18","R100",2018,"first","grain","october","R100.2018",2,4,411,12,NA,"GO",2018-08-07,2117.78,615.442,NA,NA,NA,94.08,2.47,46.71,76.98,27.21
2,95,"FIG18","R100",2018,"first","grain","october","R100.2018",2,4,411,12,NA,"GO",2018-09-27,1004.72,208.28,70.44,666.38,0.66638,93.83,12.6,34.12,62.9,51.18
3,95,"FIG18","R100",2018,"first","grain","october","R100.2018",2,4,411,12,NA,"GO",2018-11-01,237.5,95.25,52.63,340.79,0.34079,94.05,7.55,38.13,69.08,41.88
1,96,"FIG18","R100",2018,"first","grain","september","R100.2018",2,4,412,11,NA,"GS",2018-08-07,2117.78,615.442,NA,NA,NA,NA,NA,NA,NA,NA
2,96,"FIG18","R100",2018,"first","grain","september","R100.2018",2,4,412,11,NA,"GS",2018-09-27,1004.72,208.28,70.18,422.28,0.42228,93.83,12.6,34.12,62.9,51.18
3,96,"FIG18","R100",2018,"first","grain","september","R100.2018",2,4,412,11,NA,"GS",NA,NA,NA,NA,NA,NA,NA,NA,NA,NA,NA
1,97,"FIG18","R100",2019,"second","boot","september","R100.2019",3,1,101,2,"b2","BS",2019-06-10,821.94,520.192,NA,2428.25,2.42825,92.89,9.63,36.96,63.78,29.28
2,97,"FIG18","R100",2019,"second","boot","september","R100.2019",3,1,101,2,"b2","BS",2019-09-23,2137.5,497.33,NA,1926.76,1.92676,95,5.88,42.11,74.65,44.5
3,97,"FIG18","R100",2019,"second","boot","september","R100.2019",3,1,101,2,"b2","BS",NA,NA,NA,NA,NA,NA,NA,NA,NA,NA,NA
1,98,"FIG18","R100",2019,"second","boot","none","R100.2019",3,1,102,1,"b1","BN",2019-06-10,821.94,520.192,NA,2841.81,2.84181,92.94,10.12,37.12,61.92,28.93
2,98,"FIG18","R100",2019,"second","boot","none","R100.2019",3,1,102,1,"b1","BN",NA,NA,NA,NA,NA,NA,NA,NA,NA,NA,NA
3,98,"FIG18","R100",2019,"second","boot","none","R100.2019",3,1,102,1,"b1","BN",NA,NA,NA,NA,NA,NA,NA,NA,NA,NA,NA
1,99,"FIG18","R100",2019,"second","boot","october","R100.2019",3,1,103,3,"b3","BO",2019-06-10,821.94,520.192,NA,1681.73,1.68173,92.35,10.27,36.21,61.88,27.15
2,99,"FIG18","R100",2019,"second","boot","october","R100.2019",3,1,103,3,"b3","BO",2019-09-23,2137.5,497.33,NA,1916.62,1.91662,94.78,2.83,42.84,76.8,52.06
3,99,"FIG18","R100",2019,"second","boot","october","R100.2019",3,1,103,3,"b3","BO",2019-10-28,328.61,150.62,NA,421.8,0.4218,96.61,3.04,42.69,78.05,49.26
1,100,"FIG18","R100",2019,"second","anthesis","september","R100.2019",3,1,104,5,"a2","AS",2019-07-05,1330.28,639.318,NA,7769.27,7.76927,94,5,47.2,77.4,45.2
2,100,"FIG18","R100",2019,"second","anthesis","september","R100.2019",3,1,104,5,"a2","AS",2019-09-23,1629.17,378.21,NA,1088.81,1.08881,95.03,11.07,36.13,68.99,34.62
3,100,"FIG18","R100",2019,"second","anthesis","september","R100.2019",3,1,104,5,"a2","AS",NA,NA,NA,NA,NA,NA,NA,NA,NA,NA,NA
1,101,"FIG18","R100",2019,"second","anthesis","none","R100.2019",3,1,105,4,"a1","AN",2019-07-05,1330.28,639.318,NA,7636.61,7.63661,94,4.6,49.6,79.3,48.6
2,101,"FIG18","R100",2019,"second","anthesis","none","R100.2019",3,1,105,4,"a1","AN",NA,NA,NA,NA,NA,NA,NA,NA,NA,NA,NA
3,101,"FIG18","R100",2019,"second","anthesis","none","R100.2019",3,1,105,4,"a1","AN",NA,NA,NA,NA,NA,NA,NA,NA,NA,NA,NA
1,102,"FIG18","R100",2019,"second","anthesis","october","R100.2019",3,1,106,6,"a3","AO",2019-07-05,1330.28,639.318,NA,3570.07,3.57007,95,3.8,46.9,80.1,47.8
2,102,"FIG18","R100",2019,"second","anthesis","october","R100.2019",3,1,106,6,"a3","AO",2019-09-23,1629.17,378.21,NA,1398.99,1.39899,96.32,5.34,45.96,81.27,46.51
3,102,"FIG18","R100",2019,"second","anthesis","october","R100.2019",3,1,106,6,"a3","AO",2019-10-28,328.61,150.62,NA,512.7,0.5127,96.15,7.73,33.8,64.8,34.47
1,103,"FIG18","R100",2019,"second","grain","october","R100.2019",3,1,107,12,NA,"GO",2019-08-16,2262.5,810.514,NA,NA,NA,94.7,2.51,54.25,86.1,57.68
2,103,"FIG18","R100",2019,"second","grain","october","R100.2019",3,1,107,12,NA,"GO",2019-09-23,696.94,207.01,NA,NA,NA,95.88,16.05,34.75,63.1,27.07
3,103,"FIG18","R100",2019,"second","grain","october","R100.2019",3,1,107,12,NA,"GO",2019-10-28,328.61,150.62,NA,NA,NA,94.81,16.05,34.75,63.1,27.07
1,104,"FIG18","R100",2019,"second","grain","september","R100.2019",3,1,108,11,NA,"GS",2019-08-16,2262.5,810.514,NA,NA,NA,95.74,2.55,54.41,87.33,57.38
2,104,"FIG18","R100",2019,"second","grain","september","R100.2019",3,1,108,11,NA,"GS",2019-09-23,696.94,207.01,NA,NA,NA,94.97,15.52,33.33,60.56,27.16
3,104,"FIG18","R100",2019,"second","grain","september","R100.2019",3,1,108,11,NA,"GS",NA,NA,NA,NA,NA,NA,NA,NA,NA,NA,NA
1,105,"FIG18","R100",2019,"second","grain","none","R100.2019",3,1,109,10,NA,"GN",2019-08-16,2262.5,810.514,NA,NA,NA,95.24,1.69,55.79,87.56,58.79
2,105,"FIG18","R100",2019,"second","grain","none","R100.2019",3,1,109,10,NA,"GN",NA,NA,NA,NA,NA,NA,NA,NA,NA,NA,NA
3,105,"FIG18","R100",2019,"second","grain","none","R100.2019",3,1,109,10,NA,"GN",NA,NA,NA,NA,NA,NA,NA,NA,NA,NA,NA
1,106,"FIG18","R100",2019,"second","dough","none","R100.2019",3,1,110,7,"d1","DN",2019-07-25,1791.11,767.842,NA,4728.75,4.72875,92.88,4.47,49.76,78.72,52.09
2,106,"FIG18","R100",2019,"second","dough","none","R100.2019",3,1,110,7,"d1","DN",NA,NA,NA,NA,NA,NA,NA,NA,NA,NA,NA
3,106,"FIG18","R100",2019,"second","dough","none","R100.2019",3,1,110,7,"d1","DN",NA,NA,NA,NA,NA,NA,NA,NA,NA,NA,NA
1,107,"FIG18","R100",2019,"second","dough","october","R100.2019",3,1,111,9,"d3","DO",2019-07-25,1791.11,767.842,NA,401.59,0.40159,93.43,5.05,47.06,75.99,46.03
2,107,"FIG18","R100",2019,"second","dough","october","R100.2019",3,1,111,9,"d3","DO",2019-09-23,1168.33,249.68,NA,687.65,0.68765,94.95,12.41,37.74,68.81,31.79
3,107,"FIG18","R100",2019,"second","dough","october","R100.2019",3,1,111,9,"d3","DO",2019-10-28,328.61,150.62,NA,248.33,0.24833,96.39,6.29,37.4,70.95,39.04
1,108,"FIG18","R100",2019,"second","dough","september","R100.2019",3,1,112,8,"d2","DS",2019-07-25,1791.11,767.842,NA,4681.51,4.68151,93.4,4.32,43.75,69.94,44.26
2,108,"FIG18","R100",2019,"second","dough","september","R100.2019",3,1,112,8,"d2","DS",2019-09-23,1168.33,249.68,NA,593.8,0.5938,94.3,13.36,35.62,64.6,30.65
3,108,"FIG18","R100",2019,"second","dough","september","R100.2019",3,1,112,8,"d2","DS",NA,NA,NA,NA,NA,NA,NA,NA,NA,NA,NA
1,109,"FIG18","R100",2019,"second","grain","none","R100.2019",3,2,201,10,NA,"GN",2019-08-16,2262.5,810.514,NA,NA,NA,94.35,1.85,53.04,84.14,57.04
2,109,"FIG18","R100",2019,"second","grain","none","R100.2019",3,2,201,10,NA,"GN",NA,NA,NA,NA,NA,NA,NA,NA,NA,NA,NA
3,109,"FIG18","R100",2019,"second","grain","none","R100.2019",3,2,201,10,NA,"GN",NA,NA,NA,NA,NA,NA,NA,NA,NA,NA,NA
1,110,"FIG18","R100",2019,"second","grain","september","R100.2019",3,2,202,11,NA,"GS",2019-08-16,2262.5,810.514,NA,NA,NA,94.81,2.99,52.29,84.9,56.69
2,110,"FIG18","R100",2019,"second","grain","september","R100.2019",3,2,202,11,NA,"GS",2019-09-23,696.94,207.01,NA,NA,NA,94.73,19.69,29.66,55.66,19.75
3,110,"FIG18","R100",2019,"second","grain","september","R100.2019",3,2,202,11,NA,"GS",NA,NA,NA,NA,NA,NA,NA,NA,NA,NA,NA
1,111,"FIG18","R100",2019,"second","grain","october","R100.2019",3,2,203,12,NA,"GO",2019-08-16,2262.5,810.514,NA,NA,NA,93.85,2.78,47.73,76.25,49.39
2,111,"FIG18","R100",2019,"second","grain","october","R100.2019",3,2,203,12,NA,"GO",2019-09-23,696.94,207.01,NA,NA,NA,95.88,17.9,33.29,61.1,26.19
3,111,"FIG18","R100",2019,"second","grain","october","R100.2019",3,2,203,12,NA,"GO",2019-10-28,328.61,150.62,NA,NA,NA,97.58,4.73,41.52,76.93,45.38
1,112,"FIG18","R100",2019,"second","anthesis","none","R100.2019",3,2,204,4,"a1","AN",2019-07-05,1330.28,639.318,NA,5626.14,5.62614,93,8.8,45.4,72.8,40.6
2,112,"FIG18","R100",2019,"second","anthesis","none","R100.2019",3,2,204,4,"a1","AN",NA,NA,NA,NA,NA,NA,NA,NA,NA,NA,NA
3,112,"FIG18","R100",2019,"second","anthesis","none","R100.2019",3,2,204,4,"a1","AN",NA,NA,NA,NA,NA,NA,NA,NA,NA,NA,NA
1,113,"FIG18","R100",2019,"second","anthesis","september","R100.2019",3,2,205,5,"a2","AS",2019-07-05,1330.28,639.318,NA,6805.06,6.80506,93,7.5,44,70.7,39.9
2,113,"FIG18","R100",2019,"second","anthesis","september","R100.2019",3,2,205,5,"a2","AS",2019-09-23,1629.17,378.21,NA,1276.03,1.27603,94.4,8.68,40.02,72.81,39.01
3,113,"FIG18","R100",2019,"second","anthesis","september","R100.2019",3,2,205,5,"a2","AS",NA,NA,NA,NA,NA,NA,NA,NA,NA,NA,NA
1,114,"FIG18","R100",2019,"second","anthesis","october","R100.2019",3,2,206,6,"a3","AO",2019-07-05,1330.28,639.318,NA,9567.48,9.56748,93,6.1,45.6,74.7,43.3
2,114,"FIG18","R100",2019,"second","anthesis","october","R100.2019",3,2,206,6,"a3","AO",2019-09-23,1629.17,378.21,NA,830.73,0.83073,95.25,9.48,38.22,70.87,37.07
3,114,"FIG18","R100",2019,"second","anthesis","october","R100.2019",3,2,206,6,"a3","AO",2019-10-28,328.61,150.62,NA,527.85,0.52785,96.09,5.34,39.99,70.7,41.88
1,115,"FIG18","R100",2019,"second","boot","october","R100.2019",3,2,207,3,"b3","BO",2019-06-10,821.94,520.192,NA,2716.53,2.71653,92.96,15.2,34.35,56.88,22.58
2,115,"FIG18","R100",2019,"second","boot","october","R100.2019",3,2,207,3,"b3","BO",2019-09-23,2137.5,497.33,NA,3158.26,3.15826,94.87,6.5,40.25,70.4,43.74
3,115,"FIG18","R100",2019,"second","boot","october","R100.2019",3,2,207,3,"b3","BO",2019-10-28,328.61,150.62,NA,1169.21,1.16921,95.46,5.4,32.12,64.53,36.79
1,116,"FIG18","R100",2019,"second","boot","september","R100.2019",3,2,208,2,"b2","BS",2019-06-10,821.94,520.192,NA,2778.93,2.77893,92.81,13.2,35.87,60.11,26.5
2,116,"FIG18","R100",2019,"second","boot","september","R100.2019",3,2,208,2,"b2","BS",2019-09-23,2137.5,497.33,NA,2280.5,2.2805,94.36,4.98,42.4,74.39,48.58
3,116,"FIG18","R100",2019,"second","boot","september","R100.2019",3,2,208,2,"b2","BS",NA,NA,NA,NA,NA,NA,NA,NA,NA,NA,NA
1,117,"FIG18","R100",2019,"second","boot","none","R100.2019",3,2,209,1,"b1","BN",2019-06-10,821.94,520.192,NA,2354.43,2.35443,92.31,11.56,37.5,62.04,30.12
2,117,"FIG18","R100",2019,"second","boot","none","R100.2019",3,2,209,1,"b1","BN",NA,NA,NA,NA,NA,NA,NA,NA,NA,NA,NA
3,117,"FIG18","R100",2019,"second","boot","none","R100.2019",3,2,209,1,"b1","BN",NA,NA,NA,NA,NA,NA,NA,NA,NA,NA,NA
1,118,"FIG18","R100",2019,"second","dough","september","R100.2019",3,2,210,8,"d2","DS",2019-07-25,1791.11,767.842,NA,4456.27,4.45627,94.2,4.54,48.65,77.38,46.56
2,118,"FIG18","R100",2019,"second","dough","september","R100.2019",3,2,210,8,"d2","DS",2019-09-23,1168.33,249.68,NA,1342.4,1.3424,94.61,11.03,40.06,71.56,37.96
3,118,"FIG18","R100",2019,"second","dough","september","R100.2019",3,2,210,8,"d2","DS",NA,NA,NA,NA,NA,NA,NA,NA,NA,NA,NA
1,119,"FIG18","R100",2019,"second","dough","none","R100.2019",3,2,211,7,"d1","DN",2019-07-25,1791.11,767.842,NA,3830.65,3.83065,93.48,3.31,46.05,75.66,48.96
2,119,"FIG18","R100",2019,"second","dough","none","R100.2019",3,2,211,7,"d1","DN",NA,NA,NA,NA,NA,NA,NA,NA,NA,NA,NA
3,119,"FIG18","R100",2019,"second","dough","none","R100.2019",3,2,211,7,"d1","DN",NA,NA,NA,NA,NA,NA,NA,NA,NA,NA,NA
1,120,"FIG18","R100",2019,"second","dough","october","R100.2019",3,2,212,9,"d3","DO",2019-07-25,1791.11,767.842,NA,3539.19,3.53919,93.59,4.58,42.96,70.29,42.68
2,120,"FIG18","R100",2019,"second","dough","october","R100.2019",3,2,212,9,"d3","DO",2019-09-23,1168.33,249.68,NA,466.8,0.4668,95.3,11.16,41.43,73.32,40.5
3,120,"FIG18","R100",2019,"second","dough","october","R100.2019",3,2,212,9,"d3","DO",2019-10-28,328.61,150.62,NA,1509.11,1.50911,96.63,4.31,36.46,70.89,43.94
1,121,"FIG18","R100",2019,"second","anthesis","october","R100.2019",3,3,301,6,"a3","AO",2019-07-05,1330.28,639.318,NA,6366.68,6.36668,94,7.6,44,70.8,41
2,121,"FIG18","R100",2019,"second","anthesis","october","R100.2019",3,3,301,6,"a3","AO",2019-09-23,1629.17,378.21,NA,1147.45,1.14745,94.96,10.59,36.35,66.65,32.25
3,121,"FIG18","R100",2019,"second","anthesis","october","R100.2019",3,3,301,6,"a3","AO",2019-10-28,328.61,150.62,NA,623.93,0.62393,94.8,7.23,29.35,60.93,33.9
1,122,"FIG18","R100",2019,"second","anthesis","september","R100.2019",3,3,302,5,"a2","AS",2019-07-05,1330.28,639.318,NA,5204.69,5.20469,94,6.3,46,73.5,44
2,122,"FIG18","R100",2019,"second","anthesis","september","R100.2019",3,3,302,5,"a2","AS",2019-09-23,1629.17,378.21,NA,1003.31,1.00331,95.53,7.81,42.72,74.75,42.86
3,122,"FIG18","R100",2019,"second","anthesis","september","R100.2019",3,3,302,5,"a2","AS",NA,NA,NA,NA,NA,NA,NA,NA,NA,NA,NA
1,123,"FIG18","R100",2019,"second","anthesis","none","R100.2019",3,3,303,4,"a1","AN",2019-07-05,1330.28,639.318,NA,5408.32,5.40832,94,5.8,47,76,44.6
2,123,"FIG18","R100",2019,"second","anthesis","none","R100.2019",3,3,303,4,"a1","AN",NA,NA,NA,NA,NA,NA,NA,NA,NA,NA,NA
3,123,"FIG18","R100",2019,"second","anthesis","none","R100.2019",3,3,303,4,"a1","AN",NA,NA,NA,NA,NA,NA,NA,NA,NA,NA,NA
1,124,"FIG18","R100",2019,"second","grain","none","R100.2019",3,3,304,10,NA,"GN",2019-08-16,2262.5,810.514,NA,NA,NA,95.01,3.05,52.16,84.15,55.7
2,124,"FIG18","R100",2019,"second","grain","none","R100.2019",3,3,304,10,NA,"GN",NA,NA,NA,NA,NA,NA,NA,NA,NA,NA,NA
3,124,"FIG18","R100",2019,"second","grain","none","R100.2019",3,3,304,10,NA,"GN",NA,NA,NA,NA,NA,NA,NA,NA,NA,NA,NA
1,125,"FIG18","R100",2019,"second","grain","september","R100.2019",3,3,305,11,NA,"GS",2019-08-16,2262.5,810.514,NA,NA,NA,92.85,3.11,43.3,71.6,46.48
2,125,"FIG18","R100",2019,"second","grain","september","R100.2019",3,3,305,11,NA,"GS",2019-09-23,696.94,207.01,NA,NA,NA,95.45,17.21,33.48,59.79,25.11
3,125,"FIG18","R100",2019,"second","grain","september","R100.2019",3,3,305,11,NA,"GS",NA,NA,NA,NA,NA,NA,NA,NA,NA,NA,NA
1,126,"FIG18","R100",2019,"second","grain","october","R100.2019",3,3,306,12,NA,"GO",2019-08-16,2262.5,810.514,NA,NA,NA,93.74,2.87,47.39,76.6,49.1
2,126,"FIG18","R100",2019,"second","grain","october","R100.2019",3,3,306,12,NA,"GO",2019-09-23,696.94,207.01,NA,NA,NA,95.03,17.79,36.23,61.25,28
3,126,"FIG18","R100",2019,"second","grain","october","R100.2019",3,3,306,12,NA,"GO",2019-10-28,328.61,150.62,NA,NA,NA,96.99,10.1,34.48,62.29,37.16
1,127,"FIG18","R100",2019,"second","boot","september","R100.2019",3,3,307,2,"b2","BS",2019-06-10,821.94,520.192,NA,2989.45,2.98945,92.94,12.36,36.41,61.2,26.99
2,127,"FIG18","R100",2019,"second","boot","september","R100.2019",3,3,307,2,"b2","BS",2019-09-23,2137.5,497.33,NA,2619.5,2.6195,95.42,8.11,40.41,72.01,41.4
3,127,"FIG18","R100",2019,"second","boot","september","R100.2019",3,3,307,2,"b2","BS",NA,NA,NA,NA,NA,NA,NA,NA,NA,NA,NA
1,128,"FIG18","R100",2019,"second","boot","october","R100.2019",3,3,308,3,"b3","BO",2019-06-10,821.94,520.192,NA,2558.23,2.55823,92.73,12.08,36.06,59.98,27.17
2,128,"FIG18","R100",2019,"second","boot","october","R100.2019",3,3,308,3,"b3","BO",2019-09-23,2137.5,497.33,NA,1722.21,1.72221,94.89,8.02,41.46,72.79,42.11
3,128,"FIG18","R100",2019,"second","boot","october","R100.2019",3,3,308,3,"b3","BO",2019-10-28,328.61,150.62,NA,305.27,0.30527,94.8,8.69,32.23,58,30.68
1,129,"FIG18","R100",2019,"second","boot","none","R100.2019",3,3,309,1,"b1","BN",2019-06-10,821.94,520.192,NA,2944.68,2.94468,91.84,10.9,38.78,63.96,30.33
2,129,"FIG18","R100",2019,"second","boot","none","R100.2019",3,3,309,1,"b1","BN",NA,NA,NA,NA,NA,NA,NA,NA,NA,NA,NA
3,129,"FIG18","R100",2019,"second","boot","none","R100.2019",3,3,309,1,"b1","BN",NA,NA,NA,NA,NA,NA,NA,NA,NA,NA,NA
1,130,"FIG18","R100",2019,"second","dough","none","R100.2019",3,3,310,7,"d1","DN",2019-07-25,1791.11,767.842,NA,4830.69,4.83069,93.77,4.77,44.51,71.59,45.47
2,130,"FIG18","R100",2019,"second","dough","none","R100.2019",3,3,310,7,"d1","DN",NA,NA,NA,NA,NA,NA,NA,NA,NA,NA,NA
3,130,"FIG18","R100",2019,"second","dough","none","R100.2019",3,3,310,7,"d1","DN",NA,NA,NA,NA,NA,NA,NA,NA,NA,NA,NA
1,131,"FIG18","R100",2019,"second","dough","october","R100.2019",3,3,311,9,"d3","DO",2019-07-25,1791.11,767.842,NA,4782.7,4.7827,94.31,4.57,41.58,69.6,39.5
2,131,"FIG18","R100",2019,"second","dough","october","R100.2019",3,3,311,9,"d3","DO",2019-09-23,1168.33,249.68,NA,747.62,0.74762,95.27,11,39.18,70.74,37.12
3,131,"FIG18","R100",2019,"second","dough","october","R100.2019",3,3,311,9,"d3","DO",2019-10-28,328.61,150.62,NA,373.51,0.37351,95.87,6,33.8,69.25,37.56
1,132,"FIG18","R100",2019,"second","dough","september","R100.2019",3,3,312,8,"d2","DS",2019-07-25,1791.11,767.842,NA,4165.75,4.16575,92.75,3.97,42.63,70.43,44.62
2,132,"FIG18","R100",2019,"second","dough","september","R100.2019",3,3,312,8,"d2","DS",2019-09-23,1168.33,249.68,NA,563.13,0.56313,94.75,13.77,34.95,64.08,31.15
3,132,"FIG18","R100",2019,"second","dough","september","R100.2019",3,3,312,8,"d2","DS",NA,NA,NA,NA,NA,NA,NA,NA,NA,NA,NA
1,133,"FIG18","R100",2019,"second","dough","october","R100.2019",3,4,401,9,"d3","DO",2019-07-25,1791.11,767.842,NA,5307.12,5.30712,92.98,4.61,50.77,80.55,49.64
2,133,"FIG18","R100",2019,"second","dough","october","R100.2019",3,4,401,9,"d3","DO",2019-09-23,1168.33,249.68,NA,1024.38,1.02438,94.4,12.73,34.85,63.81,30.68
3,133,"FIG18","R100",2019,"second","dough","october","R100.2019",3,4,401,9,"d3","DO",2019-10-28,328.61,150.62,NA,575.28,0.57528,94.54,6.98,29.35,59.53,30.71
1,134,"FIG18","R100",2019,"second","dough","september","R100.2019",3,4,402,8,"d2","DS",2019-07-25,1791.11,767.842,NA,4570.53,4.57053,93.64,5.27,46.44,73.89,44.51
2,134,"FIG18","R100",2019,"second","dough","september","R100.2019",3,4,402,8,"d2","DS",2019-09-23,1168.33,249.68,NA,725.56,0.72556,94.97,12.47,37.6,67.45,32.61
3,134,"FIG18","R100",2019,"second","dough","september","R100.2019",3,4,402,8,"d2","DS",NA,NA,NA,NA,NA,NA,NA,NA,NA,NA,NA
1,135,"FIG18","R100",2019,"second","dough","none","R100.2019",3,4,403,7,"d1","DN",2019-07-25,1791.11,767.842,NA,4559.01,4.55901,91.79,4.97,43.25,71.02,46.87
2,135,"FIG18","R100",2019,"second","dough","none","R100.2019",3,4,403,7,"d1","DN",NA,NA,NA,NA,NA,NA,NA,NA,NA,NA,NA
3,135,"FIG18","R100",2019,"second","dough","none","R100.2019",3,4,403,7,"d1","DN",NA,NA,NA,NA,NA,NA,NA,NA,NA,NA,NA
1,136,"FIG18","R100",2019,"second","anthesis","none","R100.2019",3,4,404,4,"a1","AN",2019-07-05,1330.28,639.318,NA,7387.86,7.38786,93,6.8,42.3,69.6,41.1
2,136,"FIG18","R100",2019,"second","anthesis","none","R100.2019",3,4,404,4,"a1","AN",NA,NA,NA,NA,NA,NA,NA,NA,NA,NA,NA
3,136,"FIG18","R100",2019,"second","anthesis","none","R100.2019",3,4,404,4,"a1","AN",NA,NA,NA,NA,NA,NA,NA,NA,NA,NA,NA
1,137,"FIG18","R100",2019,"second","anthesis","october","R100.2019",3,4,405,6,"a3","AO",2019-07-05,1330.28,639.318,NA,8722.54,8.72254,93,6.9,43.8,70,40.8
2,137,"FIG18","R100",2019,"second","anthesis","october","R100.2019",3,4,405,6,"a3","AO",2019-09-23,1629.17,378.21,NA,870.7,0.8707,95.07,9.81,41.37,72.59,41.71
3,137,"FIG18","R100",2019,"second","anthesis","october","R100.2019",3,4,405,6,"a3","AO",2019-10-28,328.61,150.62,NA,792.21,0.79221,95.41,6.49,32.56,65.35,34.66
1,138,"FIG18","R100",2019,"second","anthesis","september","R100.2019",3,4,406,5,"a2","AS",2019-07-05,1330.28,639.318,NA,11036.63,11.03663,93,5.9,46.3,74.3,46.2
2,138,"FIG18","R100",2019,"second","anthesis","september","R100.2019",3,4,406,5,"a2","AS",2019-09-23,1629.17,378.21,NA,942.2,0.9422,95.38,10.47,38.19,70.89,36.22
3,138,"FIG18","R100",2019,"second","anthesis","september","R100.2019",3,4,406,5,"a2","AS",NA,NA,NA,NA,NA,NA,NA,NA,NA,NA,NA
1,139,"FIG18","R100",2019,"second","boot","none","R100.2019",3,4,407,1,"b1","BN",2019-06-10,821.94,520.192,NA,3603.45,3.60345,92.31,12.5,37.18,60.88,27.54
2,139,"FIG18","R100",2019,"second","boot","none","R100.2019",3,4,407,1,"b1","BN",NA,NA,NA,NA,NA,NA,NA,NA,NA,NA,NA
3,139,"FIG18","R100",2019,"second","boot","none","R100.2019",3,4,407,1,"b1","BN",NA,NA,NA,NA,NA,NA,NA,NA,NA,NA,NA
1,140,"FIG18","R100",2019,"second","boot","september","R100.2019",3,4,408,2,"b2","BS",2019-06-10,821.94,520.192,NA,3057.14,3.05714,92.49,11.53,36.87,62.51,28.45
2,140,"FIG18","R100",2019,"second","boot","september","R100.2019",3,4,408,2,"b2","BS",2019-09-23,2137.5,497.33,NA,1615.79,1.61579,94.14,6.25,40.54,72.18,44.29
3,140,"FIG18","R100",2019,"second","boot","september","R100.2019",3,4,408,2,"b2","BS",NA,NA,NA,NA,NA,NA,NA,NA,NA,NA,NA
1,141,"FIG18","R100",2019,"second","boot","october","R100.2019",3,4,409,3,"b3","BO",2019-06-10,821.94,520.192,NA,2993.59,2.99359,92.47,11.37,37.05,61.28,29.14
2,141,"FIG18","R100",2019,"second","boot","october","R100.2019",3,4,409,3,"b3","BO",2019-09-23,2137.5,497.33,NA,2003.9,2.0039,95.17,6.55,39.16,70.62,45.71
3,141,"FIG18","R100",2019,"second","boot","october","R100.2019",3,4,409,3,"b3","BO",2019-10-28,328.61,150.62,NA,289.85,0.28985,96.86,4.72,37.64,68.98,42.36
1,142,"FIG18","R100",2019,"second","grain","none","R100.2019",3,4,410,10,NA,"GN",2019-08-16,2262.5,810.514,NA,NA,NA,94.95,2.26,53.7,82.48,58.04
2,142,"FIG18","R100",2019,"second","grain","none","R100.2019",3,4,410,10,NA,"GN",NA,NA,NA,NA,NA,NA,NA,NA,NA,NA,NA
3,142,"FIG18","R100",2019,"second","grain","none","R100.2019",3,4,410,10,NA,"GN",NA,NA,NA,NA,NA,NA,NA,NA,NA,NA,NA
1,143,"FIG18","R100",2019,"second","grain","october","R100.2019",3,4,411,12,NA,"GO",2019-08-16,2262.5,810.514,NA,NA,NA,94.34,2.14,52.06,82.94,55.91
2,143,"FIG18","R100",2019,"second","grain","october","R100.2019",3,4,411,12,NA,"GO",2019-09-23,696.94,207.01,NA,NA,NA,94.55,15.58,33,60.53,27.45
3,143,"FIG18","R100",2019,"second","grain","october","R100.2019",3,4,411,12,NA,"GO",2019-10-28,328.61,150.62,NA,NA,NA,94.05,12.58,27.36,52.79,22.04
1,144,"FIG18","R100",2019,"second","grain","september","R100.2019",3,4,412,11,NA,"GS",2019-08-16,2262.5,810.514,NA,NA,NA,94.58,2.68,50.98,81.34,55.06
2,144,"FIG18","R100",2019,"second","grain","september","R100.2019",3,4,412,11,NA,"GS",2019-09-23,696.94,207.01,NA,NA,NA,93.83,1.55,7.73,4.95,51.18
3,144,"FIG18","R100",2019,"second","grain","september","R100.2019",3,4,412,11,NA,"GS",NA,NA,NA,NA,NA,NA,NA,NA,NA,NA,NA
1,145,"FIG17","R70",2017,"first","boot","september","R70.2017",2,1,101,2,"b2","BS",2017-06-08,969.72,436.372,51.95,1738.97,1.73897,93.79,6.68,40.16,70.25,65.43
2,145,"FIG17","R70",2017,"first","boot","september","R70.2017",2,1,101,2,"b2","BS",2017-09-15,1991.39,376.94,57.4,132.97,0.13297,96.2,6.94,36,68.29,63.07
3,145,"FIG17","R70",2017,"first","boot","september","R70.2017",2,1,101,2,"b2","BS",NA,NA,NA,NA,NA,NA,NA,NA,NA,NA,NA
1,146,"FIG17","R70",2017,"first","boot","none","R70.2017",2,1,102,1,"b1","BN",2017-06-08,969.72,436.372,49.68,3703.37,3.70337,94.05,7.58,38.65,67.45,65.5
2,146,"FIG17","R70",2017,"first","boot","none","R70.2017",2,1,102,1,"b1","BN",NA,NA,NA,NA,NA,NA,NA,NA,NA,NA,NA
3,146,"FIG17","R70",2017,"first","boot","none","R70.2017",2,1,102,1,"b1","BN",NA,NA,NA,NA,NA,NA,NA,NA,NA,NA,NA
1,147,"FIG17","R70",2017,"first","boot","october","R70.2017",2,1,103,3,"b3","BO",2017-06-08,969.72,436.372,36,2359.37,2.35937,93.31,6.96,38.48,64.86,61.68
2,147,"FIG17","R70",2017,"first","boot","october","R70.2017",2,1,103,3,"b3","BO",2017-09-15,1991.39,376.94,58.41,160.78,0.16078,96.01,6.16,35.39,68.42,65.3
3,147,"FIG17","R70",2017,"first","boot","october","R70.2017",2,1,103,3,"b3","BO",2017-11-01,569.44,186.94,72.09,120.64,0.12064,98.3,4.14,40.44,75.82,74.78
1,148,"FIG17","R70",2017,"first","anthesis","september","R70.2017",2,1,104,5,"a2","AS",2017-06-21,1256.39,502.158,70.33,2706.22,2.70622,96.56,5.87,41.18,75.02,69.81
2,148,"FIG17","R70",2017,"first","anthesis","september","R70.2017",2,1,104,5,"a2","AS",2017-09-15,1704.72,311.15,63.59,237.92,0.23792,97.52,7.74,38.34,71.28,64.75
3,148,"FIG17","R70",2017,"first","anthesis","september","R70.2017",2,1,104,5,"a2","AS",NA,NA,NA,NA,NA,NA,NA,NA,NA,NA,NA
1,149,"FIG17","R70",2017,"first","anthesis","none","R70.2017",2,1,105,4,"a1","AN",2017-06-21,1256.39,502.158,71.97,2476.71,2.47671,95.57,5.37,42.74,75.31,68.39
2,149,"FIG17","R70",2017,"first","anthesis","none","R70.2017",2,1,105,4,"a1","AN",NA,NA,NA,NA,NA,NA,NA,NA,NA,NA,NA
3,149,"FIG17","R70",2017,"first","anthesis","none","R70.2017",2,1,105,4,"a1","AN",NA,NA,NA,NA,NA,NA,NA,NA,NA,NA,NA
1,150,"FIG17","R70",2017,"first","anthesis","october","R70.2017",2,1,106,6,"a3","AO",2017-06-21,1256.39,502.158,69.86,2486.05,2.48605,96.01,5.11,40.84,75.25,62.5
2,150,"FIG17","R70",2017,"first","anthesis","october","R70.2017",2,1,106,6,"a3","AO",2017-09-15,1704.72,311.15,65.34,156.07,0.15607,97.06,10.23,34.64,67.4,72.21
3,150,"FIG17","R70",2017,"first","anthesis","october","R70.2017",2,1,106,6,"a3","AO",2017-11-01,569.44,186.94,70.43,76.69,0.07669,97.06,4.84,35.16,67.4,79.65
1,151,"FIG17","R70",2017,"first","grain","october","R70.2017",2,1,107,12,NA,"GO",2017-08-11,2316.39,706.374,53.25,3087.68,3.08768,94.57,2.44,36.82,66.06,41.52
2,151,"FIG17","R70",2017,"first","grain","october","R70.2017",2,1,107,12,NA,"GO",2017-09-15,644.72,106.93,66.08,73.33,0.07333,96.93,13.24,33.23,64.95,77.09
3,151,"FIG17","R70",2017,"first","grain","october","R70.2017",2,1,107,12,NA,"GO",2017-11-01,569.44,186.94,81.88,50.68,0.05068,96.83,6.55,37.83,68.32,61.06
1,152,"FIG17","R70",2017,"first","grain","september","R70.2017",2,1,108,11,NA,"GS",2017-08-11,2316.39,706.374,51.1,2934.57,2.93457,93.84,2.9,35.16,62.94,46.44
2,152,"FIG17","R70",2017,"first","grain","september","R70.2017",2,1,108,11,NA,"GS",2017-09-15,644.72,106.93,57.58,129.16,0.12916,97.8,11.82,37.12,67.79,73.85
3,152,"FIG17","R70",2017,"first","grain","september","R70.2017",2,1,108,11,NA,"GS",NA,NA,NA,NA,NA,NA,NA,NA,NA,NA,NA
1,153,"FIG17","R70",2017,"first","grain","none","R70.2017",2,1,109,10,NA,"GN",2017-08-11,2316.39,706.374,51.13,2674.01,2.67401,94.11,2.1,35.75,65.9,44.59
2,153,"FIG17","R70",2017,"first","grain","none","R70.2017",2,1,109,10,NA,"GN",NA,NA,NA,NA,NA,NA,NA,NA,NA,NA,NA
3,153,"FIG17","R70",2017,"first","grain","none","R70.2017",2,1,109,10,NA,"GN",NA,NA,NA,NA,NA,NA,NA,NA,NA,NA,NA
1,154,"FIG17","R70",2017,"first","dough","none","R70.2017",2,1,110,7,"d1","DN",2017-07-17,1788.06,543.306,53.52,2793.21,2.79321,95.59,2.35,37.28,69.7,63.99
2,154,"FIG17","R70",2017,"first","dough","none","R70.2017",2,1,110,7,"d1","DN",NA,NA,NA,NA,NA,NA,NA,NA,NA,NA,NA
3,154,"FIG17","R70",2017,"first","dough","none","R70.2017",2,1,110,7,"d1","DN",NA,NA,NA,NA,NA,NA,NA,NA,NA,NA,NA
1,155,"FIG17","R70",2017,"first","dough","october","R70.2017",2,1,111,9,"d3","DO",2017-07-17,1788.06,543.306,55.62,2836.39,2.83639,94.95,3,36.61,68.53,59.01
2,155,"FIG17","R70",2017,"first","dough","october","R70.2017",2,1,111,9,"d3","DO",2017-09-15,1173.06,270,57.18,179.17,0.17917,98.7,9.48,38.94,73.4,72.65
3,155,"FIG17","R70",2017,"first","dough","october","R70.2017",2,1,111,9,"d3","DO",2017-11-01,569.44,186.94,66.37,147.1,0.1471,95.9,5.11,39.19,66.86,69.61
1,156,"FIG17","R70",2017,"first","dough","september","R70.2017",2,1,112,8,"d2","DS",2017-07-17,1788.06,543.306,52.98,2541.04,2.54104,95.34,3.44,34.92,67.58,63.59
2,156,"FIG17","R70",2017,"first","dough","september","R70.2017",2,1,112,8,"d2","DS",2017-09-15,1173.06,270,60.25,171.32,0.17132,98.73,10.25,36.9,71.28,72.43
3,156,"FIG17","R70",2017,"first","dough","september","R70.2017",2,1,112,8,"d2","DS",NA,NA,NA,NA,NA,NA,NA,NA,NA,NA,NA
1,157,"FIG17","R70",2017,"first","grain","none","R70.2017",2,2,201,10,NA,"GN",2017-08-11,2316.39,706.374,52.89,2304.69,2.30469,94.45,3.45,35.99,67.09,49.09
2,157,"FIG17","R70",2017,"first","grain","none","R70.2017",2,2,201,10,NA,"GN",NA,NA,NA,NA,NA,NA,NA,NA,NA,NA,NA
3,157,"FIG17","R70",2017,"first","grain","none","R70.2017",2,2,201,10,NA,"GN",NA,NA,NA,NA,NA,NA,NA,NA,NA,NA,NA
1,158,"FIG17","R70",2017,"first","grain","september","R70.2017",2,2,202,11,NA,"GS",2017-08-11,2316.39,706.374,50.81,3098.95,3.09895,94.89,3.21,38.88,67.89,48.74
2,158,"FIG17","R70",2017,"first","grain","september","R70.2017",2,2,202,11,NA,"GS",2017-09-15,644.72,106.93,61.47,121.31,0.12131,98.22,11.73,37.29,70.93,71.62
3,158,"FIG17","R70",2017,"first","grain","september","R70.2017",2,2,202,11,NA,"GS",NA,NA,NA,NA,NA,NA,NA,NA,NA,NA,NA
1,159,"FIG17","R70",2017,"first","grain","october","R70.2017",2,2,203,12,NA,"GO",2017-08-11,2316.39,706.374,51.69,2616.12,2.61612,95.04,3.23,38.29,68.6,51.93
2,159,"FIG17","R70",2017,"first","grain","october","R70.2017",2,2,203,12,NA,"GO",2017-09-15,644.72,106.93,63.37,108.08,0.10808,97.09,8.25,38.89,69.85,65.6
3,159,"FIG17","R70",2017,"first","grain","october","R70.2017",2,2,203,12,NA,"GO",2017-11-01,569.44,186.94,53.89,82.07,0.08207,96.02,4.74,41.2,69.33,74.78
1,160,"FIG17","R70",2017,"first","anthesis","none","R70.2017",2,2,204,4,"a1","AN",2017-06-21,1256.39,502.158,69.08,1865.1,1.8651,95.49,5.16,40.99,74.34,65.09
2,160,"FIG17","R70",2017,"first","anthesis","none","R70.2017",2,2,204,4,"a1","AN",NA,NA,NA,NA,NA,NA,NA,NA,NA,NA,NA
3,160,"FIG17","R70",2017,"first","anthesis","none","R70.2017",2,2,204,4,"a1","AN",NA,NA,NA,NA,NA,NA,NA,NA,NA,NA,NA
1,161,"FIG17","R70",2017,"first","anthesis","september","R70.2017",2,2,205,5,"a2","AS",2017-06-21,1256.39,502.158,70.43,2304.85,2.30485,95.82,4.45,43.13,75.57,64.71
2,161,"FIG17","R70",2017,"first","anthesis","september","R70.2017",2,2,205,5,"a2","AS",2017-09-15,1704.72,311.15,63.18,265.5,0.2655,96.82,12.37,33.52,66.95,77.7
3,161,"FIG17","R70",2017,"first","anthesis","september","R70.2017",2,2,205,5,"a2","AS",NA,NA,NA,NA,NA,NA,NA,NA,NA,NA,NA
1,162,"FIG17","R70",2017,"first","anthesis","october","R70.2017",2,2,206,6,"a3","AO",2017-06-21,1256.39,502.158,69.41,2675.05,2.67505,95.72,5.5,40.07,73.71,65.69
2,162,"FIG17","R70",2017,"first","anthesis","october","R70.2017",2,2,206,6,"a3","AO",2017-09-15,1704.72,311.15,64.4,189.03,0.18903,96.31,12.05,33.15,65.26,78.09
3,162,"FIG17","R70",2017,"first","anthesis","october","R70.2017",2,2,206,6,"a3","AO",2017-11-01,569.44,186.94,62.4,101.36,0.10136,96.48,7.73,30.56,59.77,76.94
1,163,"FIG17","R70",2017,"first","boot","october","R70.2017",2,2,207,3,"b3","BO",2017-06-08,969.72,436.372,44.05,3033.81,3.03381,93.55,6.33,38.69,67.02,64.19
2,163,"FIG17","R70",2017,"first","boot","october","R70.2017",2,2,207,3,"b3","BO",2017-09-15,1991.39,376.94,58.32,198.9,0.1989,96.31,6.79,31.32,64.3,65.91
3,163,"FIG17","R70",2017,"first","boot","october","R70.2017",2,2,207,3,"b3","BO",2017-11-01,569.44,186.94,77.77,80.28,0.08028,97.42,5.68,35.17,67.18,67.76
1,164,"FIG17","R70",2017,"first","boot","september","R70.2017",2,2,208,2,"b2","BS",2017-06-08,969.72,436.372,39.72,4393.12,4.39312,93.17,6.76,38.56,66.4,62.9
2,164,"FIG17","R70",2017,"first","boot","september","R70.2017",2,2,208,2,"b2","BS",2017-09-15,NA,376.94,NA,NA,NA,95.67,7.43,34.97,68.88,68.95
3,164,"FIG17","R70",2017,"first","boot","september","R70.2017",2,2,208,2,"b2","BS",NA,NA,NA,NA,NA,NA,NA,NA,NA,NA,NA
1,165,"FIG17","R70",2017,"first","boot","none","R70.2017",2,2,209,1,"b1","BN",2017-06-08,969.72,436.372,24.36,4769.65,4.76965,92.62,7.19,38.64,65.8,60.18
2,165,"FIG17","R70",2017,"first","boot","none","R70.2017",2,2,209,1,"b1","BN",NA,NA,NA,NA,NA,NA,NA,NA,NA,NA,NA
3,165,"FIG17","R70",2017,"first","boot","none","R70.2017",2,2,209,1,"b1","BN",NA,NA,NA,NA,NA,NA,NA,NA,NA,NA,NA
1,166,"FIG17","R70",2017,"first","dough","september","R70.2017",2,2,210,8,"d2","DS",2017-07-17,1788.06,543.306,50.83,2877.7,2.8777,96.31,2.01,35.74,68.94,65.46
2,166,"FIG17","R70",2017,"first","dough","september","R70.2017",2,2,210,8,"d2","DS",2017-09-15,1173.06,270,55.37,117.5,0.1175,97.37,8.16,37.4,72.54,63.81
3,166,"FIG17","R70",2017,"first","dough","september","R70.2017",2,2,210,8,"d2","DS",NA,NA,NA,NA,NA,NA,NA,NA,NA,NA,NA
1,167,"FIG17","R70",2017,"first","dough","none","R70.2017",2,2,211,7,"d1","DN",2017-07-17,1788.06,543.306,53,3014.24,3.01424,94.89,3.02,35.84,65.71,58.28
2,167,"FIG17","R70",2017,"first","dough","none","R70.2017",2,2,211,7,"d1","DN",NA,NA,NA,NA,NA,NA,NA,NA,NA,NA,NA
3,167,"FIG17","R70",2017,"first","dough","none","R70.2017",2,2,211,7,"d1","DN",NA,NA,NA,NA,NA,NA,NA,NA,NA,NA,NA
1,168,"FIG17","R70",2017,"first","dough","october","R70.2017",2,2,212,9,"d3","DO",2017-07-17,1788.06,543.306,53.09,4134.16,4.13416,95.91,3.46,34.97,67.03,66.35
2,168,"FIG17","R70",2017,"first","dough","october","R70.2017",2,2,212,9,"d3","DO",2017-09-15,1173.06,270,63.26,203.16,0.20316,98.23,8.24,37.28,71.73,74.65
3,168,"FIG17","R70",2017,"first","dough","october","R70.2017",2,2,212,9,"d3","DO",2017-11-01,569.44,186.94,64.95,163.25,0.16325,96.37,6.81,32.63,62.15,73.28
1,169,"FIG17","R70",2017,"first","anthesis","october","R70.2017",2,3,301,6,"a3","AO",2017-06-21,1256.39,502.158,68.18,3523.22,3.52322,95.09,5.09,44.27,73.94,56.9
2,169,"FIG17","R70",2017,"first","anthesis","october","R70.2017",2,3,301,6,"a3","AO",2017-09-15,1704.72,311.15,64.92,121.76,0.12176,97.68,12.56,33.55,65.3,83.01
3,169,"FIG17","R70",2017,"first","anthesis","october","R70.2017",2,3,301,6,"a3","AO",2017-11-01,569.44,186.94,67.64,189.26,0.18926,95.7,9.71,30.9,60.01,70.09
1,170,"FIG17","R70",2017,"first","anthesis","september","R70.2017",2,3,302,5,"a2","AS",2017-06-21,1256.39,502.158,69.57,1943.67,1.94367,95.29,5.74,39.84,72.13,57.9
2,170,"FIG17","R70",2017,"first","anthesis","september","R70.2017",2,3,302,5,"a2","AS",2017-09-15,1704.72,311.15,60.64,185.9,0.1859,97.4,9.46,39.26,69.17,64.89
3,170,"FIG17","R70",2017,"first","anthesis","september","R70.2017",2,3,302,5,"a2","AS",NA,NA,NA,NA,NA,NA,NA,NA,NA,NA,NA
1,171,"FIG17","R70",2017,"first","anthesis","none","R70.2017",2,3,303,4,"a1","AN",2017-06-21,1256.39,502.158,69.25,2373.52,2.37352,96.27,5.74,39.88,73.83,69.67
2,171,"FIG17","R70",2017,"first","anthesis","none","R70.2017",2,3,303,4,"a1","AN",NA,NA,NA,NA,NA,NA,NA,NA,NA,NA,NA
3,171,"FIG17","R70",2017,"first","anthesis","none","R70.2017",2,3,303,4,"a1","AN",NA,NA,NA,NA,NA,NA,NA,NA,NA,NA,NA
1,172,"FIG17","R70",2017,"first","grain","none","R70.2017",2,3,304,10,NA,"GN",2017-08-11,2316.39,706.374,50,3503.87,3.50387,94.53,0.89,35.92,65.86,42.17
2,172,"FIG17","R70",2017,"first","grain","none","R70.2017",2,3,304,10,NA,"GN",NA,NA,NA,NA,NA,NA,NA,NA,NA,NA,NA
3,172,"FIG17","R70",2017,"first","grain","none","R70.2017",2,3,304,10,NA,"GN",NA,NA,NA,NA,NA,NA,NA,NA,NA,NA,NA
1,173,"FIG17","R70",2017,"first","grain","september","R70.2017",2,3,305,11,NA,"GS",2017-08-11,2316.39,706.374,51.74,2194.17,2.19417,94.79,3.93,35.23,64.18,52.88
2,173,"FIG17","R70",2017,"first","grain","september","R70.2017",2,3,305,11,NA,"GS",2017-09-15,644.72,106.93,66.11,178.27,0.17827,98.31,9.9,35.61,69.94,78.34
3,173,"FIG17","R70",2017,"first","grain","september","R70.2017",2,3,305,11,NA,"GS",NA,NA,NA,NA,NA,NA,NA,NA,NA,NA,NA
1,174,"FIG17","R70",2017,"first","grain","october","R70.2017",2,3,306,12,NA,"GO",2017-08-11,2316.39,706.374,51.19,3235.77,3.23577,95.21,3.11,37.26,66.97,53.49
2,174,"FIG17","R70",2017,"first","grain","october","R70.2017",2,3,306,12,NA,"GO",2017-09-15,644.72,106.93,66.85,166.39,0.16639,98.93,8.39,41.02,78.72,75.59
3,174,"FIG17","R70",2017,"first","grain","october","R70.2017",2,3,306,12,NA,"GO",2017-11-01,569.44,186.94,67.43,124.23,0.12423,96.53,5.63,37.1,68.07,70.83
1,175,"FIG17","R70",2017,"first","boot","september","R70.2017",2,3,307,2,"b2","BS",2017-06-08,969.72,436.372,44.4,4261.25,4.26125,93.83,5.95,38.73,68.32,61.23
2,175,"FIG17","R70",2017,"first","boot","september","R70.2017",2,3,307,2,"b2","BS",2017-09-15,1991.39,376.94,53.43,146.2,0.1462,97.32,6.29,33.61,68.75,75.82
3,175,"FIG17","R70",2017,"first","boot","september","R70.2017",2,3,307,2,"b2","BS",NA,NA,NA,NA,NA,NA,NA,NA,NA,NA,NA
1,176,"FIG17","R70",2017,"first","boot","october","R70.2017",2,3,308,3,"b3","BO",2017-06-08,969.72,436.372,46.74,1316.04,1.31604,94.16,7.36,37.09,65.6,72.53
2,176,"FIG17","R70",2017,"first","boot","october","R70.2017",2,3,308,3,"b3","BO",2017-09-15,1991.39,376.94,67.24,276.49,0.27649,96.84,7.78,37.46,73.92,82.89
3,176,"FIG17","R70",2017,"first","boot","october","R70.2017",2,3,308,3,"b3","BO",2017-11-01,569.44,186.94,77.4,165.49,0.16549,94.64,5.97,37.62,63.27,74.85
1,177,"FIG17","R70",2017,"first","boot","none","R70.2017",2,3,309,1,"b1","BN",2017-06-08,969.72,436.372,44.8,3978.31,3.97831,94.39,6.96,38.93,68.72,71.17
2,177,"FIG17","R70",2017,"first","boot","none","R70.2017",2,3,309,1,"b1","BN",NA,NA,NA,NA,NA,NA,NA,NA,NA,NA,NA
3,177,"FIG17","R70",2017,"first","boot","none","R70.2017",2,3,309,1,"b1","BN",NA,NA,NA,NA,NA,NA,NA,NA,NA,NA,NA
1,178,"FIG17","R70",2017,"first","dough","none","R70.2017",2,3,310,7,"d1","DN",2017-07-17,1788.06,543.306,50.6,4829.4,4.8294,95.98,2.38,36.35,70.09,64.65
2,178,"FIG17","R70",2017,"first","dough","none","R70.2017",2,3,310,7,"d1","DN",NA,NA,NA,NA,NA,NA,NA,NA,NA,NA,NA
3,178,"FIG17","R70",2017,"first","dough","none","R70.2017",2,3,310,7,"d1","DN",NA,NA,NA,NA,NA,NA,NA,NA,NA,NA,NA
1,179,"FIG17","R70",2017,"first","dough","october","R70.2017",2,3,311,9,"d3","DO",2017-07-17,1788.06,543.306,55.26,2468.21,2.46821,95.83,4.48,35.25,67.17,65.88
2,179,"FIG17","R70",2017,"first","dough","october","R70.2017",2,3,311,9,"d3","DO",2017-09-15,1173.06,270,61.59,155.4,0.1554,NA,NA,NA,NA,NA
3,179,"FIG17","R70",2017,"first","dough","october","R70.2017",2,3,311,9,"d3","DO",2017-11-01,569.44,186.94,75.35,55.16,0.05516,95.32,7.72,32.2,60.39,68.22
1,180,"FIG17","R70",2017,"first","dough","september","R70.2017",2,3,312,8,"d2","DS",2017-07-17,1788.06,543.306,52.8,4763.06,4.76306,96.19,3.25,35.3,67.09,68.87
2,180,"FIG17","R70",2017,"first","dough","september","R70.2017",2,3,312,8,"d2","DS",2017-09-15,1173.06,270,63.7,171.77,0.17177,99.04,9.96,36.13,72.76,79.39
3,180,"FIG17","R70",2017,"first","dough","september","R70.2017",2,3,312,8,"d2","DS",NA,NA,NA,NA,NA,NA,NA,NA,NA,NA,NA
1,181,"FIG17","R70",2017,"first","dough","october","R70.2017",2,4,401,9,"d3","DO",2017-07-17,1788.06,543.306,52.56,3914.43,3.91443,96.93,3.07,36.57,70.91,69.76
2,181,"FIG17","R70",2017,"first","dough","october","R70.2017",2,4,401,9,"d3","DO",2017-09-15,1173.06,270,60.42,84.31,0.08431,98.16,10.18,35.65,70.52,76.73
3,181,"FIG17","R70",2017,"first","dough","october","R70.2017",2,4,401,9,"d3","DO",2017-11-01,569.44,186.94,74.48,121.99,0.12199,95.89,7.68,33.87,62.55,70.9
1,182,"FIG17","R70",2017,"first","dough","september","R70.2017",2,4,402,8,"d2","DS",2017-07-17,1788.06,543.306,49.87,3720.94,3.72094,95.48,3.34,37.34,68.52,60.29
2,182,"FIG17","R70",2017,"first","dough","september","R70.2017",2,4,402,8,"d2","DS",2017-09-15,1173.06,270,65.76,169.97,0.16997,97.21,10.4,34.54,67.43,76.86
3,182,"FIG17","R70",2017,"first","dough","september","R70.2017",2,4,402,8,"d2","DS",NA,NA,NA,NA,NA,NA,NA,NA,NA,NA,NA
1,183,"FIG17","R70",2017,"first","dough","none","R70.2017",2,4,403,7,"d1","DN",2017-07-17,1788.06,543.306,51,3702.88,3.70288,96.44,2.66,32.83,65.42,69
2,183,"FIG17","R70",2017,"first","dough","none","R70.2017",2,4,403,7,"d1","DN",NA,NA,NA,NA,NA,NA,NA,NA,NA,NA,NA
3,183,"FIG17","R70",2017,"first","dough","none","R70.2017",2,4,403,7,"d1","DN",NA,NA,NA,NA,NA,NA,NA,NA,NA,NA,NA
1,184,"FIG17","R70",2017,"first","anthesis","none","R70.2017",2,4,404,4,"a1","AN",2017-06-21,1256.39,502.158,69.94,3443.36,3.44336,95.11,7.04,40.97,70.02,63.09
2,184,"FIG17","R70",2017,"first","anthesis","none","R70.2017",2,4,404,4,"a1","AN",NA,NA,NA,NA,NA,NA,NA,NA,NA,NA,NA
3,184,"FIG17","R70",2017,"first","anthesis","none","R70.2017",2,4,404,4,"a1","AN",NA,NA,NA,NA,NA,NA,NA,NA,NA,NA,NA
1,185,"FIG17","R70",2017,"first","anthesis","october","R70.2017",2,4,405,6,"a3","AO",2017-06-21,1256.39,502.158,68.77,2934.54,2.93454,96.07,6.97,41.91,72.94,68.5
2,185,"FIG17","R70",2017,"first","anthesis","october","R70.2017",2,4,405,6,"a3","AO",2017-09-15,1704.72,311.15,69.39,115.04,0.11504,97.22,13.55,31.26,62.13,83.38
3,185,"FIG17","R70",2017,"first","anthesis","october","R70.2017",2,4,405,6,"a3","AO",2017-11-01,569.44,186.94,69.14,178.94,0.17894,96.42,12.29,26.16,52.51,75.77
1,186,"FIG17","R70",2017,"first","anthesis","september","R70.2017",2,4,406,5,"a2","AS",2017-06-21,1256.39,502.158,70.22,3049.97,3.04997,95.67,6.77,39.29,70.32,64.29
2,186,"FIG17","R70",2017,"first","anthesis","september","R70.2017",2,4,406,5,"a2","AS",2017-09-15,1704.72,311.15,66.26,144.19,0.14419,97.65,11.07,31.38,63.36,83.2
3,186,"FIG17","R70",2017,"first","anthesis","september","R70.2017",2,4,406,5,"a2","AS",NA,NA,NA,NA,NA,NA,NA,NA,NA,NA,NA
1,187,"FIG17","R70",2017,"first","boot","none","R70.2017",2,4,407,1,"b1","BN",2017-06-08,969.72,436.372,24.38,6691.69,6.69169,93.82,8.95,34.98,64.2,69.45
2,187,"FIG17","R70",2017,"first","boot","none","R70.2017",2,4,407,1,"b1","BN",NA,NA,NA,NA,NA,NA,NA,NA,NA,NA,NA
3,187,"FIG17","R70",2017,"first","boot","none","R70.2017",2,4,407,1,"b1","BN",NA,NA,NA,NA,NA,NA,NA,NA,NA,NA,NA
1,188,"FIG17","R70",2017,"first","boot","september","R70.2017",2,4,408,2,"b2","BS",2017-06-08,969.72,436.372,54.4,4702.07,4.70207,94.52,9.16,37.94,66.29,71.66
2,188,"FIG17","R70",2017,"first","boot","september","R70.2017",2,4,408,2,"b2","BS",2017-09-15,1991.39,376.94,65.86,186.79,0.18679,97.88,14.31,31.59,62.05,82.35
3,188,"FIG17","R70",2017,"first","boot","september","R70.2017",2,4,408,2,"b2","BS",NA,NA,NA,NA,NA,NA,NA,NA,NA,NA,NA
1,189,"FIG17","R70",2017,"first","boot","october","R70.2017",2,4,409,3,"b3","BO",2017-06-08,969.72,436.372,52.05,3311.38,3.31138,94.01,11.21,34.11,61.31,77.17
2,189,"FIG17","R70",2017,"first","boot","october","R70.2017",2,4,409,3,"b3","BO",2017-09-15,1991.39,376.94,61.9,166.61,0.16661,97.69,8.77,32.69,65.2,72.91
3,189,"FIG17","R70",2017,"first","boot","october","R70.2017",2,4,409,3,"b3","BO",2017-11-01,569.44,186.94,65.01,110.33,0.11033,97.65,8.86,33.12,62.78,77.48
1,190,"FIG17","R70",2017,"first","grain","none","R70.2017",2,4,410,10,NA,"GN",2017-08-11,2316.39,706.374,51.8,1941.54,1.94154,95.1,3.27,35.45,65.58,54.69
2,190,"FIG17","R70",2017,"first","grain","none","R70.2017",2,4,410,10,NA,"GN",NA,NA,NA,NA,NA,NA,NA,NA,NA,NA,NA
3,190,"FIG17","R70",2017,"first","grain","none","R70.2017",2,4,410,10,NA,"GN",NA,NA,NA,NA,NA,NA,NA,NA,NA,NA,NA
1,191,"FIG17","R70",2017,"first","grain","october","R70.2017",2,4,411,12,NA,"GO",2017-08-11,2316.39,706.374,51.13,2464.45,2.46445,95.91,3.13,34.44,65.01,54.61
2,191,"FIG17","R70",2017,"first","grain","october","R70.2017",2,4,411,12,NA,"GO",2017-09-15,644.72,106.93,64.86,80.05,0.08005,99.16,13.91,31.53,64.05,88.66
3,191,"FIG17","R70",2017,"first","grain","october","R70.2017",2,4,411,12,NA,"GO",2017-11-01,569.44,186.94,73.09,79.38,0.07938,97.41,7.31,35.31,65.51,70.8
1,192,"FIG17","R70",2017,"first","grain","september","R70.2017",2,4,412,11,NA,"GS",2017-08-11,2316.39,706.374,53,2684.54,2.68454,95.55,3.81,37.88,68.93,47.7
2,192,"FIG17","R70",2017,"first","grain","september","R70.2017",2,4,412,11,NA,"GS",2017-09-15,644.72,106.93,63.55,202.04,0.20204,98.65,11.72,32.8,67.44,81.14
3,192,"FIG17","R70",2017,"first","grain","september","R70.2017",2,4,412,11,NA,"GS",NA,NA,NA,NA,NA,NA,NA,NA,NA,NA,NA
1,193,"FIG17","R70",2018,"second","anthesis","september","R70.2018",3,1,104,5,"a2","AS",2018-06-25,1169.17,433.832,69.59,1577.24,1.57724,93.06,6.21,42.34,71.74,45.04
2,193,"FIG17","R70",2018,"second","anthesis","september","R70.2018",3,1,104,5,"a2","AS",NA,NA,NA,NA,NA,NA,NA,NA,NA,NA,NA
3,193,"FIG17","R70",2018,"second","anthesis","september","R70.2018",3,1,104,5,"a2","AS",NA,NA,NA,NA,NA,NA,NA,NA,NA,NA,NA
1,194,"FIG17","R70",2018,"second","anthesis","none","R70.2018",3,1,105,4,"a1","AN",2018-06-25,1169.17,433.832,68.14,1299.97,1.29997,92.74,6.14,41.07,71.4,44.82
2,194,"FIG17","R70",2018,"second","anthesis","none","R70.2018",3,1,105,4,"a1","AN",NA,NA,NA,NA,NA,NA,NA,NA,NA,NA,NA
3,194,"FIG17","R70",2018,"second","anthesis","none","R70.2018",3,1,105,4,"a1","AN",NA,NA,NA,NA,NA,NA,NA,NA,NA,NA,NA
1,195,"FIG17","R70",2018,"second","anthesis","october","R70.2018",3,1,106,6,"a3","AO",2018-06-25,1169.17,433.832,69.18,920.33,0.92033,92.41,8.18,37.99,65.1,43.63
2,195,"FIG17","R70",2018,"second","anthesis","october","R70.2018",3,1,106,6,"a3","AO",NA,NA,NA,NA,NA,NA,NA,NA,NA,NA,NA
3,195,"FIG17","R70",2018,"second","anthesis","october","R70.2018",3,1,106,6,"a3","AO",NA,NA,NA,NA,NA,NA,NA,NA,NA,NA,NA
1,196,"FIG17","R70",2018,"second","anthesis","none","R70.2018",3,2,204,4,"a1","AN",2018-06-25,1169.17,433.832,68.18,1243.65,1.24365,92.47,6.61,40.18,69.97,45.7
2,196,"FIG17","R70",2018,"second","anthesis","none","R70.2018",3,2,204,4,"a1","AN",NA,NA,NA,NA,NA,NA,NA,NA,NA,NA,NA
3,196,"FIG17","R70",2018,"second","anthesis","none","R70.2018",3,2,204,4,"a1","AN",NA,NA,NA,NA,NA,NA,NA,NA,NA,NA,NA
1,197,"FIG17","R70",2018,"second","anthesis","september","R70.2018",3,2,205,5,"a2","AS",2018-06-25,1169.17,433.832,72.32,1109.88,1.10988,92.66,5.61,42.19,71.86,43.07
2,197,"FIG17","R70",2018,"second","anthesis","september","R70.2018",3,2,205,5,"a2","AS",NA,NA,NA,NA,NA,NA,NA,NA,NA,NA,NA
3,197,"FIG17","R70",2018,"second","anthesis","september","R70.2018",3,2,205,5,"a2","AS",NA,NA,NA,NA,NA,NA,NA,NA,NA,NA,NA
1,198,"FIG17","R70",2018,"second","anthesis","october","R70.2018",3,2,206,6,"a3","AO",2018-06-25,1169.17,433.832,67.23,1369.66,1.36966,92.84,5.95,40.87,71.7,44.46
2,198,"FIG17","R70",2018,"second","anthesis","october","R70.2018",3,2,206,6,"a3","AO",NA,NA,NA,NA,NA,NA,NA,NA,NA,NA,NA
3,198,"FIG17","R70",2018,"second","anthesis","october","R70.2018",3,2,206,6,"a3","AO",NA,NA,NA,NA,NA,NA,NA,NA,NA,NA,NA
1,199,"FIG17","R70",2018,"second","anthesis","october","R70.2018",3,3,301,6,"a3","AO",2018-06-25,1169.17,433.832,68.95,1448.83,1.44883,92.68,5.54,40.91,69.47,40.33
2,199,"FIG17","R70",2018,"second","anthesis","october","R70.2018",3,3,301,6,"a3","AO",NA,NA,NA,NA,NA,NA,NA,NA,NA,NA,NA
3,199,"FIG17","R70",2018,"second","anthesis","october","R70.2018",3,3,301,6,"a3","AO",NA,NA,NA,NA,NA,NA,NA,NA,NA,NA,NA
1,200,"FIG17","R70",2018,"second","anthesis","september","R70.2018",3,3,302,5,"a2","AS",2018-06-25,1169.17,433.832,70.54,1251.75,1.25175,92.74,6.28,40.83,68.83,43.28
2,200,"FIG17","R70",2018,"second","anthesis","september","R70.2018",3,3,302,5,"a2","AS",NA,NA,NA,NA,NA,NA,NA,NA,NA,NA,NA
3,200,"FIG17","R70",2018,"second","anthesis","september","R70.2018",3,3,302,5,"a2","AS",NA,NA,NA,NA,NA,NA,NA,NA,NA,NA,NA
1,201,"FIG17","R70",2018,"second","anthesis","none","R70.2018",3,3,303,4,"a1","AN",2018-06-25,1169.17,433.832,70.9,1153.77,1.15377,92.93,7.11,40.73,70.07,48.28
2,201,"FIG17","R70",2018,"second","anthesis","none","R70.2018",3,3,303,4,"a1","AN",NA,NA,NA,NA,NA,NA,NA,NA,NA,NA,NA
3,201,"FIG17","R70",2018,"second","anthesis","none","R70.2018",3,3,303,4,"a1","AN",NA,NA,NA,NA,NA,NA,NA,NA,NA,NA,NA
1,202,"FIG17","R70",2018,"second","anthesis","none","R70.2018",3,4,404,4,"a1","AN",2018-06-25,1169.17,433.832,69.39,1808.83,1.80883,92.7,7.97,40.01,67.97,41.93
2,202,"FIG17","R70",2018,"second","anthesis","none","R70.2018",3,4,404,4,"a1","AN",NA,NA,NA,NA,NA,NA,NA,NA,NA,NA,NA
3,202,"FIG17","R70",2018,"second","anthesis","none","R70.2018",3,4,404,4,"a1","AN",NA,NA,NA,NA,NA,NA,NA,NA,NA,NA,NA
1,203,"FIG17","R70",2018,"second","anthesis","october","R70.2018",3,4,405,6,"a3","AO",2018-06-25,1169.17,433.832,70.75,1800.98,1.80098,92.76,7.92,40.1,67.99,41.75
2,203,"FIG17","R70",2018,"second","anthesis","october","R70.2018",3,4,405,6,"a3","AO",NA,NA,NA,NA,NA,NA,NA,NA,NA,NA,NA
3,203,"FIG17","R70",2018,"second","anthesis","october","R70.2018",3,4,405,6,"a3","AO",NA,NA,NA,NA,NA,NA,NA,NA,NA,NA,NA
1,204,"FIG17","R70",2018,"second","anthesis","september","R70.2018",3,4,406,5,"a2","AS",2018-06-25,1169.17,433.832,71.81,2216.53,2.21653,93.34,7.67,42.24,71.82,45.57
2,204,"FIG17","R70",2018,"second","anthesis","september","R70.2018",3,4,406,5,"a2","AS",NA,NA,NA,NA,NA,NA,NA,NA,NA,NA,NA
3,204,"FIG17","R70",2018,"second","anthesis","september","R70.2018",3,4,406,5,"a2","AS",NA,NA,NA,NA,NA,NA,NA,NA,NA,NA,NA
1,205,"FIG17","R70",2018,"second","boot","september","R70.2018",3,1,101,2,"b2","BS",2018-06-07,784.17,267.97,82.73,575.2,0.5752,92.12,9.74,35.75,62.16,47.34
2,205,"FIG17","R70",2018,"second","boot","september","R70.2018",3,1,101,2,"b2","BS",NA,NA,NA,NA,NA,NA,NA,NA,NA,NA,NA
3,205,"FIG17","R70",2018,"second","boot","september","R70.2018",3,1,101,2,"b2","BS",NA,NA,NA,NA,NA,NA,NA,NA,NA,NA,NA
1,206,"FIG17","R70",2018,"second","boot","none","R70.2018",3,1,102,1,"b1","BN",2018-06-07,784.17,267.97,81.91,605.12,0.60512,92.3,10.24,37.1,65.75,54.25
2,206,"FIG17","R70",2018,"second","boot","none","R70.2018",3,1,102,1,"b1","BN",NA,NA,NA,NA,NA,NA,NA,NA,NA,NA,NA
3,206,"FIG17","R70",2018,"second","boot","none","R70.2018",3,1,102,1,"b1","BN",NA,NA,NA,NA,NA,NA,NA,NA,NA,NA,NA
1,207,"FIG17","R70",2018,"second","boot","october","R70.2018",3,1,103,3,"b3","BO",2018-06-07,784.17,267.97,82.29,487.67,0.48767,91.75,9.7,36.04,61.53,49.11
2,207,"FIG17","R70",2018,"second","boot","october","R70.2018",3,1,103,3,"b3","BO",NA,NA,NA,NA,NA,NA,NA,NA,NA,NA,NA
3,207,"FIG17","R70",2018,"second","boot","october","R70.2018",3,1,103,3,"b3","BO",NA,NA,NA,NA,NA,NA,NA,NA,NA,NA,NA
1,208,"FIG17","R70",2018,"second","boot","october","R70.2018",3,2,207,3,"b3","BO",2018-06-07,784.17,267.97,80.06,525.01,0.52501,92.45,9.5,35.69,64.7,54.75
2,208,"FIG17","R70",2018,"second","boot","october","R70.2018",3,2,207,3,"b3","BO",NA,NA,NA,NA,NA,NA,NA,NA,NA,NA,NA
3,208,"FIG17","R70",2018,"second","boot","october","R70.2018",3,2,207,3,"b3","BO",NA,NA,NA,NA,NA,NA,NA,NA,NA,NA,NA
1,209,"FIG17","R70",2018,"second","boot","september","R70.2018",3,2,208,2,"b2","BS",2018-06-07,784.17,267.97,85.38,609.54,0.60954,92.09,8.94,37.3,66.44,53.07
2,209,"FIG17","R70",2018,"second","boot","september","R70.2018",3,2,208,2,"b2","BS",NA,NA,NA,NA,NA,NA,NA,NA,NA,NA,NA
3,209,"FIG17","R70",2018,"second","boot","september","R70.2018",3,2,208,2,"b2","BS",NA,NA,NA,NA,NA,NA,NA,NA,NA,NA,NA
1,210,"FIG17","R70",2018,"second","boot","none","R70.2018",3,2,209,1,"b1","BN",2018-06-07,784.17,267.97,83.43,836.28,0.83628,92.27,8.66,38.81,69.2,42.52
2,210,"FIG17","R70",2018,"second","boot","none","R70.2018",3,2,209,1,"b1","BN",NA,NA,NA,NA,NA,NA,NA,NA,NA,NA,NA
3,210,"FIG17","R70",2018,"second","boot","none","R70.2018",3,2,209,1,"b1","BN",NA,NA,NA,NA,NA,NA,NA,NA,NA,NA,NA
1,211,"FIG17","R70",2018,"second","boot","september","R70.2018",3,3,307,2,"b2","BS",2018-06-07,784.17,267.97,82.18,618.29,0.61829,92.33,9.63,36.55,64.78,52.28
2,211,"FIG17","R70",2018,"second","boot","september","R70.2018",3,3,307,2,"b2","BS",NA,NA,NA,NA,NA,NA,NA,NA,NA,NA,NA
3,211,"FIG17","R70",2018,"second","boot","september","R70.2018",3,3,307,2,"b2","BS",NA,NA,NA,NA,NA,NA,NA,NA,NA,NA,NA
1,212,"FIG17","R70",2018,"second","boot","october","R70.2018",3,3,308,3,"b3","BO",2018-06-07,784.17,267.97,81.15,372.07,0.37207,91.91,11.86,33.7,59.91,50.85
2,212,"FIG17","R70",2018,"second","boot","october","R70.2018",3,3,308,3,"b3","BO",NA,NA,NA,NA,NA,NA,NA,NA,NA,NA,NA
3,212,"FIG17","R70",2018,"second","boot","october","R70.2018",3,3,308,3,"b3","BO",NA,NA,NA,NA,NA,NA,NA,NA,NA,NA,NA
1,213,"FIG17","R70",2018,"second","boot","none","R70.2018",3,3,309,1,"b1","BN",2018-06-07,784.17,267.97,80.81,730.22,0.73022,92.37,11.6,35,62.7,53.17
2,213,"FIG17","R70",2018,"second","boot","none","R70.2018",3,3,309,1,"b1","BN",NA,NA,NA,NA,NA,NA,NA,NA,NA,NA,NA
3,213,"FIG17","R70",2018,"second","boot","none","R70.2018",3,3,309,1,"b1","BN",NA,NA,NA,NA,NA,NA,NA,NA,NA,NA,NA
1,214,"FIG17","R70",2018,"second","boot","none","R70.2018",3,4,407,1,"b1","BN",2018-06-07,784.17,267.97,78.92,1455.31,1.45531,92.38,10.25,39.53,68.04,38.62
2,214,"FIG17","R70",2018,"second","boot","none","R70.2018",3,4,407,1,"b1","BN",NA,NA,NA,NA,NA,NA,NA,NA,NA,NA,NA
3,214,"FIG17","R70",2018,"second","boot","none","R70.2018",3,4,407,1,"b1","BN",NA,NA,NA,NA,NA,NA,NA,NA,NA,NA,NA
1,215,"FIG17","R70",2018,"second","boot","september","R70.2018",3,4,408,2,"b2","BS",2018-06-07,784.17,267.97,82.06,893.71,0.89371,92.45,12.78,35.91,62.32,53.48
2,215,"FIG17","R70",2018,"second","boot","september","R70.2018",3,4,408,2,"b2","BS",NA,NA,NA,NA,NA,NA,NA,NA,NA,NA,NA
3,215,"FIG17","R70",2018,"second","boot","september","R70.2018",3,4,408,2,"b2","BS",NA,NA,NA,NA,NA,NA,NA,NA,NA,NA,NA
1,216,"FIG17","R70",2018,"second","boot","october","R70.2018",3,4,409,3,"b3","BO",2018-06-07,784.17,267.97,83.48,1028.67,1.02867,92.38,10.01,36.35,63.86,54.98
2,216,"FIG17","R70",2018,"second","boot","october","R70.2018",3,4,409,3,"b3","BO",NA,NA,NA,NA,NA,NA,NA,NA,NA,NA,NA
3,216,"FIG17","R70",2018,"second","boot","october","R70.2018",3,4,409,3,"b3","BO",NA,NA,NA,NA,NA,NA,NA,NA,NA,NA,NA
1,217,"FIG17","R70",2018,"second","dough","none","R70.2018",3,1,110,7,"d1","DN",2018-07-18,1708.89,546.608,46.01,1891.64,1.89164,93.01,4.73,38.28,66.13,37.39
2,217,"FIG17","R70",2018,"second","dough","none","R70.2018",3,1,110,7,"d1","DN",NA,NA,NA,NA,NA,NA,NA,NA,NA,NA,NA
3,217,"FIG17","R70",2018,"second","dough","none","R70.2018",3,1,110,7,"d1","DN",NA,NA,NA,NA,NA,NA,NA,NA,NA,NA,NA
1,218,"FIG17","R70",2018,"second","dough","october","R70.2018",3,1,111,9,"d3","DO",2018-07-18,1708.89,546.608,49.23,1341.19,1.34119,93.52,4,36.32,65.36,40.84
2,218,"FIG17","R70",2018,"second","dough","october","R70.2018",3,1,111,9,"d3","DO",NA,NA,NA,NA,NA,NA,NA,NA,NA,NA,NA
3,218,"FIG17","R70",2018,"second","dough","october","R70.2018",3,1,111,9,"d3","DO",NA,NA,NA,NA,NA,NA,NA,NA,NA,NA,NA
1,219,"FIG17","R70",2018,"second","dough","september","R70.2018",3,1,112,8,"d2","DS",2018-07-18,1708.89,546.608,49.64,1534.56,1.53456,93.06,4.98,36.59,65.06,39.55
2,219,"FIG17","R70",2018,"second","dough","september","R70.2018",3,1,112,8,"d2","DS",NA,NA,NA,NA,NA,NA,NA,NA,NA,NA,NA
3,219,"FIG17","R70",2018,"second","dough","september","R70.2018",3,1,112,8,"d2","DS",NA,NA,NA,NA,NA,NA,NA,NA,NA,NA,NA
1,220,"FIG17","R70",2018,"second","dough","september","R70.2018",3,2,210,8,"d2","DS",2018-07-18,1708.89,546.608,48.63,1434.89,1.43489,93.51,4.86,37.91,66.77,43.54
2,220,"FIG17","R70",2018,"second","dough","september","R70.2018",3,2,210,8,"d2","DS",NA,NA,NA,NA,NA,NA,NA,NA,NA,NA,NA
3,220,"FIG17","R70",2018,"second","dough","september","R70.2018",3,2,210,8,"d2","DS",NA,NA,NA,NA,NA,NA,NA,NA,NA,NA,NA
1,221,"FIG17","R70",2018,"second","dough","none","R70.2018",3,2,211,7,"d1","DN",2018-07-18,1708.89,546.608,52.05,1528.89,1.52889,93.84,4.86,38.06,67.52,43.94
2,221,"FIG17","R70",2018,"second","dough","none","R70.2018",3,2,211,7,"d1","DN",NA,NA,NA,NA,NA,NA,NA,NA,NA,NA,NA
3,221,"FIG17","R70",2018,"second","dough","none","R70.2018",3,2,211,7,"d1","DN",NA,NA,NA,NA,NA,NA,NA,NA,NA,NA,NA
1,222,"FIG17","R70",2018,"second","dough","october","R70.2018",3,2,212,9,"d3","DO",2018-07-18,1708.89,546.608,49.4,2189.09,2.18909,93,4.24,38.96,67.52,35.52
2,222,"FIG17","R70",2018,"second","dough","october","R70.2018",3,2,212,9,"d3","DO",NA,NA,NA,NA,NA,NA,NA,NA,NA,NA,NA
3,222,"FIG17","R70",2018,"second","dough","october","R70.2018",3,2,212,9,"d3","DO",NA,NA,NA,NA,NA,NA,NA,NA,NA,NA,NA
1,223,"FIG17","R70",2018,"second","dough","none","R70.2018",3,3,310,7,"d1","DN",2018-07-18,1708.89,546.608,51.16,1980.7,1.9807,93.98,3.75,38,67.8,38.84
2,223,"FIG17","R70",2018,"second","dough","none","R70.2018",3,3,310,7,"d1","DN",NA,NA,NA,NA,NA,NA,NA,NA,NA,NA,NA
3,223,"FIG17","R70",2018,"second","dough","none","R70.2018",3,3,310,7,"d1","DN",NA,NA,NA,NA,NA,NA,NA,NA,NA,NA,NA
1,224,"FIG17","R70",2018,"second","dough","october","R70.2018",3,3,311,9,"d3","DO",2018-07-18,1708.89,546.608,51.95,1546.27,1.54627,93.47,5.33,38.76,67.74,40.29
2,224,"FIG17","R70",2018,"second","dough","october","R70.2018",3,3,311,9,"d3","DO",NA,NA,NA,NA,NA,NA,NA,NA,NA,NA,NA
3,224,"FIG17","R70",2018,"second","dough","october","R70.2018",3,3,311,9,"d3","DO",NA,NA,NA,NA,NA,NA,NA,NA,NA,NA,NA
1,225,"FIG17","R70",2018,"second","dough","september","R70.2018",3,3,312,8,"d2","DS",2018-07-18,1708.89,546.608,49.53,2723.22,2.72322,93.37,5.42,37.91,66.5,39.71
2,225,"FIG17","R70",2018,"second","dough","september","R70.2018",3,3,312,8,"d2","DS",NA,NA,NA,NA,NA,NA,NA,NA,NA,NA,NA
3,225,"FIG17","R70",2018,"second","dough","september","R70.2018",3,3,312,8,"d2","DS",NA,NA,NA,NA,NA,NA,NA,NA,NA,NA,NA
1,226,"FIG17","R70",2018,"second","dough","october","R70.2018",3,4,401,9,"d3","DO",2018-07-18,1708.89,546.608,51.67,1695.75,1.69575,93.84,4.41,39.27,69.63,42.43
2,226,"FIG17","R70",2018,"second","dough","october","R70.2018",3,4,401,9,"d3","DO",NA,NA,NA,NA,NA,NA,NA,NA,NA,NA,NA
3,226,"FIG17","R70",2018,"second","dough","october","R70.2018",3,4,401,9,"d3","DO",NA,NA,NA,NA,NA,NA,NA,NA,NA,NA,NA
1,227,"FIG17","R70",2018,"second","dough","september","R70.2018",3,4,402,8,"d2","DS",2018-07-18,1708.89,546.608,51.35,2009.93,2.00993,93.08,5.27,38.19,65.67,37.14
2,227,"FIG17","R70",2018,"second","dough","september","R70.2018",3,4,402,8,"d2","DS",NA,NA,NA,NA,NA,NA,NA,NA,NA,NA,NA
3,227,"FIG17","R70",2018,"second","dough","september","R70.2018",3,4,402,8,"d2","DS",NA,NA,NA,NA,NA,NA,NA,NA,NA,NA,NA
1,228,"FIG17","R70",2018,"second","dough","none","R70.2018",3,4,403,7,"d1","DN",2018-07-18,1708.89,546.608,51.97,2093.07,2.09307,93.89,5.76,38.02,66.77,44.75
2,228,"FIG17","R70",2018,"second","dough","none","R70.2018",3,4,403,7,"d1","DN",NA,NA,NA,NA,NA,NA,NA,NA,NA,NA,NA
3,228,"FIG17","R70",2018,"second","dough","none","R70.2018",3,4,403,7,"d1","DN",NA,NA,NA,NA,NA,NA,NA,NA,NA,NA,NA
1,229,"FIG17","R70",2018,"second","grain","october","R70.2018",3,1,107,12,NA,"GO",NA,NA,NA,NA,NA,NA,NA,NA,NA,NA,NA
2,229,"FIG17","R70",2018,"second","grain","october","R70.2018",3,1,107,12,NA,"GO",NA,NA,NA,NA,NA,NA,NA,NA,NA,NA,NA
3,229,"FIG17","R70",2018,"second","grain","october","R70.2018",3,1,107,12,NA,"GO",NA,NA,NA,NA,NA,NA,NA,NA,NA,NA,NA
1,230,"FIG17","R70",2018,"second","grain","september","R70.2018",3,1,108,11,NA,"GS",NA,NA,NA,NA,NA,NA,NA,NA,NA,NA,NA
2,230,"FIG17","R70",2018,"second","grain","september","R70.2018",3,1,108,11,NA,"GS",NA,NA,NA,NA,NA,NA,NA,NA,NA,NA,NA
3,230,"FIG17","R70",2018,"second","grain","september","R70.2018",3,1,108,11,NA,"GS",NA,NA,NA,NA,NA,NA,NA,NA,NA,NA,NA
1,231,"FIG17","R70",2018,"second","grain","none","R70.2018",3,1,109,10,NA,"GN",NA,NA,NA,NA,NA,NA,NA,NA,NA,NA,NA
2,231,"FIG17","R70",2018,"second","grain","none","R70.2018",3,1,109,10,NA,"GN",NA,NA,NA,NA,NA,NA,NA,NA,NA,NA,NA
3,231,"FIG17","R70",2018,"second","grain","none","R70.2018",3,1,109,10,NA,"GN",NA,NA,NA,NA,NA,NA,NA,NA,NA,NA,NA
1,232,"FIG17","R70",2018,"second","grain","none","R70.2018",3,2,201,10,NA,"GN",NA,NA,NA,NA,NA,NA,NA,NA,NA,NA,NA
2,232,"FIG17","R70",2018,"second","grain","none","R70.2018",3,2,201,10,NA,"GN",NA,NA,NA,NA,NA,NA,NA,NA,NA,NA,NA
3,232,"FIG17","R70",2018,"second","grain","none","R70.2018",3,2,201,10,NA,"GN",NA,NA,NA,NA,NA,NA,NA,NA,NA,NA,NA
1,233,"FIG17","R70",2018,"second","grain","september","R70.2018",3,2,202,11,NA,"GS",NA,NA,NA,NA,NA,NA,NA,NA,NA,NA,NA
2,233,"FIG17","R70",2018,"second","grain","september","R70.2018",3,2,202,11,NA,"GS",NA,NA,NA,NA,NA,NA,NA,NA,NA,NA,NA
3,233,"FIG17","R70",2018,"second","grain","september","R70.2018",3,2,202,11,NA,"GS",NA,NA,NA,NA,NA,NA,NA,NA,NA,NA,NA
1,234,"FIG17","R70",2018,"second","grain","october","R70.2018",3,2,203,12,NA,"GO",NA,NA,NA,NA,NA,NA,NA,NA,NA,NA,NA
2,234,"FIG17","R70",2018,"second","grain","october","R70.2018",3,2,203,12,NA,"GO",NA,NA,NA,NA,NA,NA,NA,NA,NA,NA,NA
3,234,"FIG17","R70",2018,"second","grain","october","R70.2018",3,2,203,12,NA,"GO",NA,NA,NA,NA,NA,NA,NA,NA,NA,NA,NA
1,235,"FIG17","R70",2018,"second","grain","none","R70.2018",3,3,304,10,NA,"GN",NA,NA,NA,NA,NA,NA,NA,NA,NA,NA,NA
2,235,"FIG17","R70",2018,"second","grain","none","R70.2018",3,3,304,10,NA,"GN",NA,NA,NA,NA,NA,NA,NA,NA,NA,NA,NA
3,235,"FIG17","R70",2018,"second","grain","none","R70.2018",3,3,304,10,NA,"GN",NA,NA,NA,NA,NA,NA,NA,NA,NA,NA,NA
1,236,"FIG17","R70",2018,"second","grain","september","R70.2018",3,3,305,11,NA,"GS",NA,NA,NA,NA,NA,NA,NA,NA,NA,NA,NA
2,236,"FIG17","R70",2018,"second","grain","september","R70.2018",3,3,305,11,NA,"GS",NA,NA,NA,NA,NA,NA,NA,NA,NA,NA,NA
3,236,"FIG17","R70",2018,"second","grain","september","R70.2018",3,3,305,11,NA,"GS",NA,NA,NA,NA,NA,NA,NA,NA,NA,NA,NA
1,237,"FIG17","R70",2018,"second","grain","october","R70.2018",3,3,306,12,NA,"GO",NA,NA,NA,NA,NA,NA,NA,NA,NA,NA,NA
2,237,"FIG17","R70",2018,"second","grain","october","R70.2018",3,3,306,12,NA,"GO",NA,NA,NA,NA,NA,NA,NA,NA,NA,NA,NA
3,237,"FIG17","R70",2018,"second","grain","october","R70.2018",3,3,306,12,NA,"GO",NA,NA,NA,NA,NA,NA,NA,NA,NA,NA,NA
1,238,"FIG17","R70",2018,"second","grain","none","R70.2018",3,4,410,10,NA,"GN",NA,NA,NA,NA,NA,NA,NA,NA,NA,NA,NA
2,238,"FIG17","R70",2018,"second","grain","none","R70.2018",3,4,410,10,NA,"GN",NA,NA,NA,NA,NA,NA,NA,NA,NA,NA,NA
3,238,"FIG17","R70",2018,"second","grain","none","R70.2018",3,4,410,10,NA,"GN",NA,NA,NA,NA,NA,NA,NA,NA,NA,NA,NA
1,239,"FIG17","R70",2018,"second","grain","october","R70.2018",3,4,411,12,NA,"GO",NA,NA,NA,NA,NA,NA,NA,NA,NA,NA,NA
2,239,"FIG17","R70",2018,"second","grain","october","R70.2018",3,4,411,12,NA,"GO",NA,NA,NA,NA,NA,NA,NA,NA,NA,NA,NA
3,239,"FIG17","R70",2018,"second","grain","october","R70.2018",3,4,411,12,NA,"GO",NA,NA,NA,NA,NA,NA,NA,NA,NA,NA,NA
1,240,"FIG17","R70",2018,"second","grain","september","R70.2018",3,4,412,11,NA,"GS",NA,NA,NA,NA,NA,NA,NA,NA,NA,NA,NA
2,240,"FIG17","R70",2018,"second","grain","september","R70.2018",3,4,412,11,NA,"GS",NA,NA,NA,NA,NA,NA,NA,NA,NA,NA,NA
3,240,"FIG17","R70",2018,"second","grain","september","R70.2018",3,4,412,11,NA,"GS",NA,NA,NA,NA,NA,NA,NA,NA,NA,NA,NA
